id,bachelor
00000,27.5
01000,21.5
01001,21.8
01003,26.6
01005,12.4
01007,11.1
01009,12.3
01011,9
01013,12.3
01015,17.5
01017,10.3
01019,10
01021,11.3
01023,10.8
01025,13.5
01027,9
01029,10.2
01031,21.5
01033,16.9
01035,9.2
01037,9.2
01039,13.2
01041,11.2
01043,13.3
01045,16.6
01047,13.9
01049,10.2
01051,18.8
01053,11.2
01055,15.5
01057,9.7
01059,11.6
01061,8.4
01063,9.2
01065,9.1
01067,13.7
01069,19.4
01071,11.3
01073,28.1
01075,9
01077,20.3
01079,10.3
01081,30.7
01083,18.2
01085,13.5
01087,20.1
01089,37.9
01091,15.7
01093,9
01095,14.7
01097,19.7
01099,11.5
01101,30.5
01103,19.6
01105,11.6
01107,12.3
01109,22.2
01111,13.1
01113,11.9
01115,14.5
01117,39.9
01119,12.1
01121,11.8
01123,15.7
01125,26.9
01127,9.8
01129,9
01131,17
01133,11.7
02000,26.5
02013,12.5
02016,8.5
02020,32.3
02050,14.4
02060,14.2
02068,24.6
02070,20.5
02090,26.3
02100,36.2
02105,22.5
02110,35.8
02122,21.4
02130,24.1
02150,20.7
02164,17.3
02170,19.9
02180,15.1
02185,19.4
02188,13.2
02195,24.7
02198,15.4
02220,26.2
02230,31
02240,16.6
02261,22
02270,11.2
02275,14.8
02282,17
02290,12.9
04000,25.7
04001,9.7
04003,21.6
04005,30.1
04007,14.5
04009,13.5
04011,13
04012,9.9
04013,28
04015,12.1
04017,13.3
04019,29
04021,18
04023,16.3
04025,23.9
04027,13
05000,18.9
05001,12.8
05003,13.9
05005,13.3
05007,24.9
05009,14.6
05011,9.4
05013,10
05015,15.1
05017,10
05019,21
05021,9.4
05023,13.6
05025,12.6
05027,19.7
05029,14.3
05031,22.6
05033,11.8
05035,14.7
05037,13.4
05039,13.7
05041,12.3
05043,19.8
05045,26.6
05047,13
05049,9.1
05051,19.6
05053,16.6
05055,12.7
05057,13.9
05059,11.7
05061,12.4
05063,14.5
05065,12.3
05067,8.4
05069,16.6
05071,13.9
05073,11.6
05075,10.7
05077,8.4
05079,10.4
05081,12.8
05083,10.6
05085,16.5
05087,13.5
05089,15.3
05091,13.8
05093,10.9
05095,11
05097,10.6
05099,12.9
05101,12.1
05103,11.9
05105,11.4
05107,11
05109,11.1
05111,8.8
05113,9.7
05115,19.9
05117,9.6
05119,31
05121,9.7
05123,9.4
05125,21.8
05127,9.1
05129,9.6
05131,17.4
05133,9.3
05135,10.3
05137,7
05139,15.9
05141,13.7
05143,28.5
05145,16.5
05147,10.2
05149,8
06000,29.7
06001,39.9
06003,26.8
06005,19.5
06007,24.8
06009,19.3
06011,12.9
06013,37.7
06015,15
06017,31.1
06019,19.4
06021,14.5
06023,26.9
06025,11.9
06027,21.2
06029,14.6
06031,11.5
06033,16.1
06035,11.5
06037,28.4
06039,12.9
06041,53.9
06043,18.1
06045,23.3
06047,12.7
06049,14.4
06051,29.5
06053,23.6
06055,30.3
06057,32.4
06059,35.2
06061,33.5
06063,20.8
06065,20.4
06067,27.9
06069,17.7
06071,18.2
06073,34
06075,51.1
06077,17.1
06079,30
06081,43.6
06083,31.3
06085,43.9
06087,38.7
06089,19.4
06091,20.9
06093,22
06095,23.9
06097,31.1
06099,16.1
06101,18.5
06103,13
06105,18.1
06107,12.9
06109,17.7
06111,30.3
06113,36.8
06115,12.9
08000,35.5
08001,20
08003,26.6
08005,38.2
08007,35.1
08009,17.1
08011,14.5
08013,56.6
08014,41.9
08015,29.5
08017,20.7
08019,40.3
08021,17.3
08023,17.1
08025,14.6
08027,29.6
08029,18.7
08031,39.3
08033,13.9
08035,53.5
08037,47
08039,27.5
08041,34.9
08043,16.6
08045,25
08047,36.5
08049,27.3
08051,44.1
08053,20.7
08055,23.2
08057,22.3
08059,38.4
08061,19.9
08063,13.2
08065,20
08067,41.6
08069,41.4
08071,18.9
08073,15.9
08075,17.7
08077,24.7
08079,33.5
08081,14.7
08083,24.4
08085,20.3
08087,14.4
08089,16.1
08091,39.9
08093,31.4
08095,15
08097,59.1
08099,17
08101,21
08103,25.7
08105,20.6
08107,46.9
08109,19
08111,45.2
08113,45.9
08115,13.8
08117,48.9
08119,31.7
08121,17.2
08123,25.8
08125,19
09000,35.1
09001,43.4
09003,32.8
09005,32.4
09007,36.8
09009,32
09011,30.7
09013,36
09015,21.6
10000,27.5
10001,19.4
10003,32.1
10005,21.4
11000,47.1
11001,47.1
12000,25.6
12001,39.3
12003,6.7
12005,20.2
12007,10.2
12009,26.4
12011,29.3
12013,10.9
12015,20.8
12017,16.7
12019,22.9
12021,30.7
12023,14.5
12027,9.5
12029,5.8
12031,25.1
12033,23.7
12035,20.8
12037,19.3
12039,11.4
12041,8.1
12043,10.8
12045,13.4
12047,8.5
12049,7.9
12051,7.8
12053,16.1
12055,13.8
12057,28.7
12059,10.8
12061,26.5
12063,12.6
12065,17.3
12067,6.7
12069,19.5
12071,24.9
12073,41
12075,12.3
12077,10.9
12079,11.1
12081,25.9
12083,16.8
12085,28.5
12086,25.9
12087,28.6
12089,20.4
12091,27.5
12093,10.7
12095,29.6
12097,18.5
12099,31.3
12101,18.9
12103,26.7
12105,18
12107,12.8
12109,37.6
12111,18
12113,23.9
12115,28.9
12117,33.2
12119,15
12121,8.8
12123,10.7
12125,9.2
12127,20.5
12129,17.3
12131,24.9
12133,12
13000,27.1
13001,8.7
13003,7.2
13005,7.8
13007,10.2
13009,18
13011,9.6
13013,13.8
13015,16.7
13017,13.5
13019,11.8
13021,22.7
13023,11.9
13025,6
13027,17
13029,26.8
13031,24.7
13033,9.6
13035,8.2
13037,9.1
13039,19.3
13043,11
13045,17.4
13047,16.5
13049,5.8
13051,29
13053,31.5
13055,8
13057,32.3
13059,41.2
13061,10.4
13063,17.5
13065,15.6
13067,43
13069,12.1
13071,11.1
13073,34.2
13075,10
13077,24.7
13079,11.2
13081,12
13083,16.6
13085,16.6
13087,13.4
13089,37.6
13091,12.8
13093,9.5
13095,20.5
13097,23
13099,12.5
13101,5.1
13103,13.7
13105,9.2
13107,9
13109,12.8
13111,15.7
13113,40.9
13115,18
13117,44
13119,13.1
13121,45.8
13123,12.1
13125,6.7
13127,26.6
13129,11.7
13131,11.3
13133,20.7
13135,35.2
13137,18.8
13139,19.8
13141,9.3
13143,10
13145,25.7
13147,14.6
13149,5.9
13151,23.5
13153,25.1
13155,8.1
13157,14.7
13159,12.9
13161,11.4
13163,8.9
13165,11.8
13167,9.1
13169,18.7
13171,9.7
13173,8
13175,16.5
13177,17
13179,15.2
13181,9
13183,11.1
13185,22.9
13187,19.3
13189,11.6
13191,12.9
13193,12.7
13195,12.9
13197,5.9
13199,10.9
13201,10.1
13205,9.5
13207,21.1
13209,17.2
13211,23
13213,6.7
13215,22.1
13217,19
13219,44
13221,11.6
13223,20.1
13225,19.4
13227,23.3
13229,8.2
13231,13.4
13233,11.5
13235,7.3
13237,17.5
13239,12.8
13241,23.7
13243,13
13245,19.7
13247,23.1
13249,10
13251,11.8
13253,10.6
13255,13.5
13257,14.5
13259,8.7
13261,19.4
13263,10.7
13265,7.4
13267,12.1
13269,7.5
13271,7.6
13273,10.1
13275,19.3
13277,15.9
13279,13.4
13281,20.3
13283,8.3
13285,19.3
13287,12.2
13289,8.6
13291,20
13293,11.4
13295,12.2
13297,16.8
13299,11.8
13301,4.7
13303,11.6
13305,11.1
13307,7.6
13309,7.6
13311,18.5
13313,15.6
13315,7.5
13317,14.5
13319,13
13321,9.7
15000,29.2
15001,26.2
15003,30.7
15005,25.6
15007,23.5
15009,25.8
16000,23.7
16001,34.2
16003,19.9
16005,27
16007,15.6
16009,11
16011,16.3
16013,40.7
16015,23
16017,20.6
16019,26
16021,14.4
16023,18.4
16025,21.4
16027,16
16029,18.2
16031,16.1
16033,7.6
16035,15.4
16037,25
16039,13.2
16041,16.2
16043,20.8
16045,10.3
16047,12.9
16049,12.9
16051,16.5
16053,11.9
16055,22
16057,42.1
16059,23.8
16061,14.1
16063,12.3
16065,31.1
16067,10.6
16069,18.7
16071,16.1
16073,10.6
16075,14.5
16077,20.4
16079,11.9
16081,27.9
16083,16.7
16085,31.5
16087,17.4
17000,29.8
17001,21.3
17003,9.8
17005,23.8
17007,19.3
17009,11.7
17011,15.9
17013,13.4
17015,15.8
17017,12.6
17019,40.3
17021,13.3
17023,14.5
17025,15.6
17027,17.6
17029,21.6
17031,32.7
17033,13.7
17035,13.1
17037,27.5
17039,17.4
17041,16
17043,44.4
17045,17.4
17047,12.9
17049,19.4
17051,12.8
17053,17.9
17055,13.4
17057,13.3
17059,9.7
17061,13.2
17063,17.5
17065,10
17067,19.4
17069,10.3
17071,12.7
17073,20.4
17075,14.4
17077,35.2
17079,12.8
17081,14.3
17083,16.2
17085,21.4
17087,14.1
17089,30.9
17091,17.1
17093,30.6
17095,15.7
17097,40.9
17099,15.5
17101,11.7
17103,15.6
17105,14
17107,17.9
17109,32.9
17111,31.2
17113,39.9
17115,20.1
17117,14.5
17119,22.6
17121,13.5
17123,16.2
17125,16.4
17127,13.3
17129,25.1
17131,13
17133,24.4
17135,13
17137,21.3
17139,13.2
17141,17.5
17143,27.8
17145,12.1
17147,21.6
17149,13.8
17151,9.2
17153,10
17155,13.4
17157,11.9
17159,17.5
17161,21
17163,23.2
17165,14.7
17167,29.9
17169,16.5
17171,18.3
17173,15.2
17175,13.8
17177,17.5
17179,22.2
17181,17.9
17183,13.2
17185,13.9
17187,19.4
17189,16.5
17191,10.8
17193,14.7
17195,15
17197,29
17199,20.7
17201,20.5
17203,25.1
18000,21.9
18001,12.3
18003,24.7
18005,25.8
18007,13.8
18009,12.1
18011,34.7
18013,21.3
18015,13.2
18017,13.6
18019,16.8
18021,13.2
18023,12.3
18025,10.1
18027,11.6
18029,17
18031,14.5
18033,16.3
18035,21.5
18037,20.1
18039,17.6
18041,8.5
18043,21.3
18045,11.5
18047,17.7
18049,13
18051,14.2
18053,15.8
18055,10.9
18057,52.6
18059,23.8
18061,13.1
18063,30.2
18065,13.2
18067,18.8
18069,15.4
18071,13.6
18073,15.6
18075,11.3
18077,18.1
18079,7.6
18081,24.3
18083,15
18085,19.3
18087,9.8
18089,18.3
18091,16.6
18093,12.2
18095,16.5
18097,27.7
18099,16.9
18101,8.8
18103,11
18105,40.1
18107,18.6
18109,13.8
18111,9.5
18113,13.2
18115,10.9
18117,11
18119,8.8
18121,11.2
18123,8.5
18125,9.1
18127,24.1
18129,17.4
18131,13.8
18133,16.1
18135,10
18137,14.2
18139,12.3
18141,25.7
18143,9.4
18145,14.3
18147,16.2
18149,10.7
18151,18.4
18153,13.2
18155,11.1
18157,34
18159,14.1
18161,13.4
18163,21.3
18165,12.1
18167,22.1
18169,16.8
18171,13.8
18173,25.1
18175,9.7
18177,15.4
18179,14.3
18181,12.7
18183,16.4
19000,24.2
19001,13.4
19003,15.3
19005,13.6
19007,15.7
19009,14.3
19011,16.5
19013,23.7
19015,19.3
19017,27.3
19019,18.2
19021,22.3
19023,13.4
19025,16.6
19027,20.1
19029,13.4
19031,19.2
19033,21.5
19035,18.6
19037,12.5
19039,12.2
19041,18.2
19043,14.6
19045,17.1
19047,13.7
19049,36.8
19051,17.2
19053,17.7
19055,14.5
19057,18.5
19059,27.8
19061,25
19063,17.2
19065,16.1
19067,15.2
19069,14.1
19071,17
19073,17.8
19075,21.1
19077,18.7
19079,16.4
19081,15.4
19083,20.7
19085,14.3
19087,19.7
19089,10.8
19091,15.9
19093,17.9
19095,18.9
19097,14
19099,17.2
19101,31.2
19103,50.8
19105,15
19107,13
19109,16.5
19111,15.1
19113,29.1
19115,12.5
19117,10.5
19119,15.6
19121,16.7
19123,17.1
19125,23.5
19127,18.1
19129,21
19131,17.2
19133,14.6
19135,14
19137,17.7
19139,20.8
19141,17.7
19143,15.3
19145,17.6
19147,15.4
19149,20.4
19151,16.7
19153,33.4
19155,17.7
19157,21.4
19159,20.1
19161,16.6
19163,29.6
19165,16.6
19167,21.6
19169,45.4
19171,16.7
19173,12.4
19175,15
19177,13.3
19179,14.8
19181,25.2
19183,17.9
19185,10.9
19187,18.1
19189,16.6
19191,26.8
19193,20.4
19195,15.6
19197,14.6
20000,28.8
20001,16.3
20003,15.3
20005,22.3
20007,20.8
20009,20.4
20011,21.4
20013,16.2
20015,23.9
20017,20.4
20019,19.5
20021,14.2
20023,17
20025,18.3
20027,18.9
20029,16
20031,19.1
20033,16.8
20035,19.3
20037,25.3
20039,17
20041,19.4
20043,16.4
20045,47.3
20047,19.9
20049,19.1
20051,32.2
20053,21.7
20055,16.6
20057,16.2
20059,17.7
20061,19.6
20063,16.6
20065,22.4
20067,16
20069,15.9
20071,22
20073,12.8
20075,15.6
20077,15.2
20079,24.6
20081,15.6
20083,22.6
20085,17.7
20087,20.8
20089,19
20091,50.5
20093,11.8
20095,20.5
20097,23.4
20099,17.2
20101,20
20103,27.3
20105,17
20107,13.8
20109,14.2
20111,24.6
20113,24.3
20115,18.9
20117,13.2
20119,19.4
20121,23.1
20123,21.8
20125,18.4
20127,17.5
20129,18.1
20131,17.5
20133,15.9
20135,19.3
20137,17.2
20139,19.1
20141,14.7
20143,19.2
20145,14.9
20147,17.8
20149,27.1
20151,22.7
20153,19.5
20155,18.5
20157,18.1
20159,20.5
20161,41.2
20163,20.8
20165,15.5
20167,20.1
20169,22.1
20171,20.5
20173,27.2
20175,13.3
20177,28.5
20179,17.4
20181,19.5
20183,15.1
20185,21.3
20187,13.5
20189,15.1
20191,17.9
20193,23.3
20195,20.2
20197,20.4
20199,21.1
20201,19.4
20203,12
20205,12.2
20207,13.5
20209,15.3
21000,20
21001,12.5
21003,9.5
21005,17.3
21007,13
21009,15.4
21011,13.5
21013,11.4
21015,26.3
21017,16.9
21019,16.6
21021,22.1
21023,9.5
21025,9.2
21027,8
21029,11.2
21031,6.6
21033,12.1
21035,28.7
21037,25.7
21039,11.1
21041,8.3
21043,12.1
21045,9
21047,14.2
21049,16.9
21051,9.1
21053,6.3
21055,8.6
21057,8.4
21059,17.9
21061,7.6
21063,8.4
21065,6.7
21067,39
21069,13.7
21071,12.4
21073,27.3
21075,11.2
21077,6.7
21079,12.1
21081,10.6
21083,14
21085,7.8
21087,11.7
21089,13.5
21091,10.5
21093,18.7
21095,11
21097,12.9
21099,9.2
21101,16.3
21103,14
21105,16.1
21107,14
21109,9.1
21111,28.1
21113,27.5
21115,10.1
21117,27.3
21119,10.6
21121,8.5
21123,12.3
21125,13.4
21127,8.5
21129,9
21131,9.6
21133,11
21135,10.1
21137,9.5
21139,11.9
21141,9.9
21143,11
21145,20.8
21147,8.3
21149,10.7
21151,26.4
21153,10.6
21155,11.4
21157,14.4
21159,7.5
21161,14.7
21163,11.3
21165,10.9
21167,16.7
21169,8.8
21171,11.8
21173,13.8
21175,11.1
21177,9.8
21179,14.9
21181,7.3
21183,9.6
21185,37.1
21187,18.7
21189,4.6
21191,10.3
21193,12
21195,12.1
21197,11.4
21199,12.8
21201,8.6
21203,10.1
21205,24.2
21207,12.8
21209,26.3
21211,23
21213,15.5
21215,16.3
21217,16.3
21219,11.5
21221,16.2
21223,9.8
21225,13.1
21227,27.9
21229,11.7
21231,9.1
21233,10.2
21235,12.6
21237,8.1
21239,32.7
22000,20.6
22001,10.8
22003,9
22005,20.6
22007,8.3
22009,10
22011,13.9
22013,13.6
22015,21.2
22017,22.3
22019,19.3
22021,12.5
22023,12.9
22025,12.4
22027,11.4
22029,11.7
22031,14.6
22033,32.2
22035,9
22037,11.9
22039,10.8
22041,10.5
22043,12.9
22045,13.1
22047,11.7
22049,13.6
22051,23
22053,11.1
22055,27.7
22057,14.4
22059,12.2
22061,31.2
22063,15.6
22065,9.4
22067,11.3
22069,20.8
22071,29.3
22073,24.2
22075,15.4
22077,13.9
22079,19.4
22081,13.5
22083,12.2
22085,10.9
22087,10
22089,19
22091,10.4
22093,14.7
22095,16.4
22097,11.6
22099,11.1
22101,10.4
22103,30.2
22105,19
22107,10.9
22109,14.6
22111,14.7
22113,10.6
22115,16.2
22117,12.7
22119,13.7
22121,16.9
22123,9.5
22125,13.5
22127,12
23000,26.1
23001,17.7
23003,15.7
23005,38.3
23007,24.8
23009,29.7
23011,25
23013,25.8
23015,30.7
23017,17.2
23019,23
23021,14.1
23023,27.7
23025,14.6
23027,21.3
23029,18.5
23031,27.7
24000,35.2
24001,15.2
24003,35.3
24005,34.3
24009,28.5
24011,15.6
24013,30.1
24015,20.1
24017,25.4
24019,15.3
24021,34.9
24023,17.3
24025,30.3
24027,57.2
24029,30.2
24031,56.1
24033,29.9
24035,28
24037,26.7
24039,14.4
24041,33.2
24043,18.3
24045,24.5
24047,26.6
24510,24.9
25000,37.8
25001,39.7
25003,30.1
25005,24
25007,40.1
25009,35.7
25011,32
25013,23.6
25015,40.5
25017,48.4
25019,41.4
25021,46.9
25023,31.4
25025,39.6
25027,32.2
26000,24.5
26001,12.2
26003,17.4
26005,19.7
26007,15.3
26009,22.6
26011,11
26013,12
26015,16.7
26017,17.7
26019,23.4
26021,23.4
26023,14.6
26025,18.8
26027,16.1
26029,23.3
26031,17.9
26033,17.5
26035,10.1
26037,27
26039,14.1
26041,18.1
26043,17.1
26045,23.8
26047,28.4
26049,18.8
26051,10.3
26053,17.8
26055,28.7
26057,12.9
26059,14.3
26061,24.1
26063,13.4
26065,34.9
26067,12.7
26069,13.5
26071,14.2
26073,26.6
26075,17.5
26077,33.3
26079,11.5
26081,29.4
26083,19.7
26085,8.3
26087,17.5
26089,38.3
26091,18.8
26093,31.8
26095,12.8
26097,19.9
26099,21.5
26101,16
26103,28.6
26105,19.1
26107,19.5
26109,12.8
26111,31.5
26113,12.2
26115,17.1
26117,12.5
26119,9.5
26121,16.5
26123,13.9
26125,41.6
26127,13.3
26129,10.8
26131,14.2
26133,12
26135,10.3
26137,18.8
26139,28.4
26141,14.8
26143,14.2
26145,17.9
26147,14.6
26149,13.2
26151,10.9
26153,11.5
26155,15.5
26157,12.2
26159,19
26161,50.2
26163,19.3
26165,16.2
27000,31.2
27001,14.3
27003,25.5
27005,21.6
27007,27.3
27009,18.9
27011,13.9
27013,29.5
27015,17.8
27017,20.6
27019,40.9
27021,21.3
27023,14.6
27025,17.1
27027,31.4
27029,13.9
27031,27.4
27033,17.4
27035,21.9
27037,37.9
27039,19.6
27041,20.6
27043,14.4
27045,18.3
27047,14.6
27049,22.3
27051,17.2
27053,43.7
27055,21.4
27057,22
27059,15.9
27061,19.3
27063,14.1
27065,14.3
27067,21.5
27069,17.7
27071,16.7
27073,17.3
27075,18
27077,21
27079,19.9
27081,17.7
27083,25.6
27085,18
27087,13.9
27089,15.6
27091,17.2
27093,15.2
27095,13.9
27097,14.1
27099,15.9
27101,15.1
27103,33.7
27105,16.7
27107,14.4
27109,39.3
27111,19.7
27113,14.8
27115,13.2
27117,15.9
27119,20
27121,18
27123,38.9
27125,12.3
27127,15.4
27129,15.6
27131,26.4
27133,16.2
27135,17.3
27137,25
27139,35.1
27141,24.1
27143,13.5
27145,23.5
27147,21
27149,23
27151,13.7
27153,12
27155,13.7
27157,17
27159,15.1
27161,18.7
27163,39.4
27165,14.3
27167,16.3
27169,25.9
27171,23
27173,16.7
28000,19.1
28001,19.6
28003,15
28005,10.6
28007,16
28009,10.2
28011,20.7
28013,10
28015,13.3
28017,9.9
28019,11.6
28021,17.8
28023,9.1
28025,14.3
28027,14.1
28029,13.4
28031,14.6
28033,20.6
28035,26.5
28037,14.8
28039,12.2
28041,7.8
28043,16.8
28045,21.2
28047,19.7
28049,27.9
28051,11.4
28053,12.6
28055,6.3
28057,12.1
28059,17.8
28061,10.3
28063,18
28065,10.7
28067,14.8
28069,10.9
28071,39
28073,29.1
28075,18.7
28077,10.1
28079,9
28081,21.5
28083,16.8
28085,16.3
28087,20.5
28089,41.1
28091,11.9
28093,10.4
28095,12.7
28097,15.7
28099,12.3
28101,11.6
28103,9.9
28105,39.7
28107,12.8
28109,14.6
28111,10
28113,16
28115,11.3
28117,14
28119,11.8
28121,27.9
28123,8.9
28125,16.2
28127,14.2
28129,16
28131,12.9
28133,13.3
28135,10.5
28137,12.7
28139,10
28141,12
28143,13.7
28145,13.3
28147,14.6
28149,22.7
28151,17.9
28153,9.9
28155,14.1
28157,8
28159,13.9
28161,12
28163,11.2
29000,24.6
29001,23.7
29003,21.1
29005,20
29007,13.1
29009,11.5
29011,14.4
29013,11.7
29015,10.7
29017,8.8
29019,45
29021,18.2
29023,14.1
29025,11.9
29027,20.3
29029,19.6
29031,26.1
29033,15.4
29035,8.1
29037,21
29039,11.2
29041,15
29043,25.6
29045,12.6
29047,29.4
29049,18.2
29051,30.4
29053,14
29055,10.1
29057,9.7
29059,10.8
29061,13
29063,14.1
29065,10.4
29067,11.2
29069,10.5
29071,16.6
29073,12.5
29075,12.8
29077,26.9
29079,12.6
29081,9.1
29083,15
29085,7.1
29087,16
29089,19.5
29091,12.8
29093,11.8
29095,26.9
29097,18
29099,16.2
29101,24.1
29103,14.7
29105,12.1
29107,15.2
29109,13.8
29111,14.8
29113,10.1
29115,14.1
29117,20.5
29119,8
29121,14.1
29123,10.5
29125,14.3
29127,17.4
29129,14.4
29131,11.3
29133,10.6
29135,15
29137,11.4
29139,12
29141,11.7
29143,11.4
29145,18.4
29147,23.8
29149,10
29151,11.7
29153,9.4
29155,10.7
29157,10.9
29159,15.5
29161,24.6
29163,12.3
29165,36.3
29167,16.6
29169,17.1
29171,17.8
29173,13
29175,12.3
29177,12.5
29179,7.3
29181,11.7
29183,32.6
29185,10.7
29186,12.2
29187,13.5
29189,38.5
29195,17.8
29197,11.3
29199,14.9
29201,12.8
29203,13.2
29205,12.1
29207,11.1
29209,16.2
29211,11.4
29213,20.4
29215,11.1
29217,14.4
29219,15.5
29221,6.9
29223,8.1
29225,14.6
29227,13.2
29229,10.8
29510,25.5
30000,27
30001,30.3
30003,11
30005,17.7
30007,14
30009,28.2
30011,13
30013,23.3
30015,21.8
30017,20.5
30019,20.1
30021,16.1
30023,18.9
30025,12.4
30027,23.9
30029,26.4
30031,44.5
30033,15.3
30035,17.5
30037,20.1
30039,21.9
30041,20
30043,31.6
30045,30.8
30047,22.4
30049,33.3
30051,15.8
30053,16.1
30055,19.4
30057,27.5
30059,21.6
30061,14.3
30063,37.1
30065,13.6
30067,30.2
30069,12.6
30071,14.8
30073,20.7
30075,20.7
30077,18.8
30079,13.9
30081,23.3
30083,15.3
30085,18
30087,16.2
30089,15.2
30091,17
30093,22.4
30095,20.7
30097,28.2
30099,20.4
30101,20.1
30103,18.4
30105,17.4
30107,19.3
30109,20
30111,27.7
30113,0
31000,27.1
31001,22.3
31003,16
31005,14.9
31007,24.6
31009,19.8
31011,15.9
31013,21.6
31015,12.8
31017,15.8
31019,32.2
31021,19.3
31023,16.3
31025,22.7
31027,15.4
31029,15.5
31031,22.3
31033,26.2
31035,17.2
31037,10.2
31039,16.2
31041,17
31043,13.8
31045,30.9
31047,14.9
31049,19.7
31051,14
31053,18.1
31055,34.7
31057,25.4
31059,16.9
31061,18.5
31063,22
31065,16
31067,17.4
31069,22.4
31071,14.6
31073,16.9
31075,18
31077,13.1
31079,16.7
31081,20.6
31083,17.9
31085,18.7
31087,13.1
31089,16.7
31091,25.3
31093,12.3
31095,13.8
31097,14.1
31099,23.9
31101,19
31103,10.8
31105,19
31107,16
31109,35
31111,18.7
31113,21.4
31115,11.1
31117,21.2
31119,17.7
31121,15.5
31123,19.6
31125,12.6
31127,23.3
31129,13.8
31131,20.9
31133,15.5
31135,18.8
31137,20.1
31139,15
31141,18.5
31143,14.7
31145,19
31147,13.8
31149,19.2
31151,15.8
31153,34.9
31155,23.2
31157,18.7
31159,26.6
31161,20.7
31163,14
31165,25.5
31167,12.1
31169,15.4
31171,20.9
31173,12.1
31175,17.1
31177,28.8
31179,26
31181,12.1
31183,19.6
31185,19.4
32000,21.5
32001,18.2
32003,21.3
32005,25.6
32007,15.7
32009,18.6
32011,17.6
32013,13.7
32015,10.2
32017,16.6
32019,11.8
32021,8.5
32023,8.9
32027,11.5
32029,12.9
32031,26.5
32033,10.5
32510,21.4
33000,32.4
33001,25.7
33003,29.9
33005,29.9
33007,16.7
33009,34.6
33011,34.1
33013,33
33015,36
33017,29.4
33019,24.9
34000,34.1
34001,23.8
34003,44.2
34005,33
34007,27.5
34009,27.2
34011,13.4
34013,30.7
34015,26.6
34017,33.4
34019,48
34021,38.7
34023,37.4
34025,38.8
34027,48.1
34029,24.2
34031,24.3
34033,17.9
34035,49.3
34037,30.7
34039,31.3
34041,28
35000,25.1
35001,31.6
35003,24.1
35005,15.4
35006,10.4
35007,20.2
35009,18.3
35011,21.3
35013,25
35015,15.2
35017,22.5
35019,8.3
35021,12.2
35023,16.8
35025,12.4
35027,24.5
35028,63.4
35029,11.1
35031,11.2
35033,18.3
35035,15.9
35037,14.9
35039,15.7
35041,20.4
35043,27.6
35045,14.2
35047,22.1
35049,38.7
35051,17.6
35053,21.7
35055,29.5
35057,12.4
35059,19.3
35061,16.8
36000,31.8
36001,36.6
36003,19.5
36005,17.6
36007,25.7
36009,17.7
36011,18.2
36013,19.8
36015,20.6
36017,17.2
36019,22.4
36021,27.6
36023,24.4
36025,18.2
36027,31.4
36029,28.5
36031,25.8
36033,16.2
36035,14.6
36037,18.1
36039,19.2
36041,24.9
36043,18.1
36045,19.1
36047,28.3
36049,14.3
36051,22.2
36053,23.1
36055,34.4
36057,15.6
36059,40.3
36061,57.7
36063,19.1
36065,20.9
36067,31.5
36069,29.8
36071,26.8
36073,14.4
36075,15.3
36077,26.1
36079,36.8
36081,28.8
36083,26.4
36085,27.9
36087,40.1
36089,18.2
36091,34.1
36093,29.2
36095,18.9
36097,17
36099,18.5
36101,19.5
36103,31.5
36105,20.8
36107,22.3
36109,48.7
36111,28.8
36113,25.6
36115,17.2
36117,21.4
36119,44.4
36121,14.3
36123,22.3
37000,25.8
37001,21
37003,12.2
37005,16.5
37007,7.2
37009,16.5
37011,21.8
37013,17.4
37015,9.6
37017,11.6
37019,21.6
37021,30.6
37023,14.5
37025,22.2
37027,12.6
37029,19.5
37031,24
37033,11.2
37035,19
37037,33.8
37039,14.9
37041,15.5
37043,20
37045,15.9
37047,11.4
37049,21.6
37051,21.2
37053,15.4
37055,32
37057,15.4
37059,21.4
37061,9.9
37063,44
37065,9.9
37067,30.8
37069,14.3
37071,17.3
37073,11.9
37075,9.2
37077,13.4
37079,11.1
37081,32.2
37083,11.7
37085,16
37087,20.3
37089,26
37091,14.9
37093,13.8
37095,11.5
37097,20.3
37099,26.2
37101,18.8
37103,10.4
37105,18.1
37107,13.9
37109,17.1
37111,13.2
37113,19.5
37115,19.4
37117,12.1
37119,40.5
37121,14.6
37123,13.3
37125,27.9
37127,18.9
37129,35.5
37131,12.8
37133,16.8
37135,53.7
37137,15.3
37139,19.2
37141,16.5
37143,15.2
37145,13.4
37147,28.7
37149,26.3
37151,12.9
37153,11.1
37155,12.7
37157,12.5
37159,16.4
37161,14.5
37163,12.4
37165,15.2
37167,15.2
37169,10.8
37171,14.3
37173,19
37175,28.9
37177,7.3
37179,26.7
37181,11.5
37183,47.5
37185,13
37187,11.5
37189,34.9
37191,16.4
37193,12
37195,17.1
37197,10.6
37199,15.7
38000,25.6
38001,17.3
38003,26.2
38005,10.3
38007,19.2
38009,20.8
38011,18.1
38013,16.6
38015,31.8
38017,34.7
38019,17.1
38021,18.2
38023,17.5
38025,13.2
38027,15.5
38029,13.8
38031,18.7
38033,19
38035,31.8
38037,16.9
38039,22.4
38041,19.8
38043,15.7
38045,18.1
38047,12.4
38049,16.5
38051,17.1
38053,21.3
38055,18.4
38057,17.8
38059,21.3
38061,21.4
38063,17.9
38065,18.1
38067,16.3
38069,11.2
38071,22.8
38073,17.5
38075,19
38077,20
38079,18
38081,14.7
38083,13.2
38085,14.1
38087,23.1
38089,23.3
38091,19.6
38093,22.8
38095,22.4
38097,25.3
38099,16.2
38101,25.6
38103,16.7
38105,18.4
39000,23.6
39001,10.9
39003,15.8
39005,17.1
39007,13
39009,25.2
39011,14.9
39013,13.4
39015,9.2
39017,24.3
39019,12
39021,14.3
39023,16
39025,23.8
39027,14.7
39029,11.8
39031,11.4
39033,11
39035,27.4
39037,10.7
39039,15.1
39041,46.8
39043,19.6
39045,23.2
39047,13.7
39049,35.1
39051,13.5
39053,13.7
39055,33.6
39057,33.4
39059,11.4
39061,31.7
39063,23.9
39065,14.8
39067,8.3
39069,12.7
39071,10.3
39073,10.7
39075,9.1
39077,11.4
39079,11.3
39081,14.1
39083,17.9
39085,23.9
39087,13.2
39089,21.7
39091,13.6
39093,19.7
39095,21.8
39097,15.7
39099,19.6
39101,12.3
39103,28.4
39105,10
39107,14.3
39109,19.5
39111,9.2
39113,23.9
39115,9.5
39117,14.3
39119,13.8
39121,9.6
39123,19.1
39125,9.8
39127,8.9
39129,13.3
39131,13.1
39133,24
39135,11
39137,16.7
39139,14.5
39141,12.1
39143,13.1
39145,13.1
39147,16.3
39149,14.4
39151,19.6
39153,28.7
39155,15.8
39157,13.5
39159,25.3
39161,14.6
39163,7.4
39165,34.1
39167,15.9
39169,18.8
39171,11.9
39173,27.8
39175,13.4
40000,22.4
40001,10.5
40003,17
40005,13.5
40007,19.2
40009,16.1
40011,16.1
40013,20.7
40015,13.3
40017,24.3
40019,17.3
40021,23.6
40023,11.3
40025,15.8
40027,30.1
40029,9.5
40031,20.1
40033,17.3
40035,12.2
40037,14.4
40039,22.7
40041,15.3
40043,15.2
40045,22.6
40047,21.4
40049,14.4
40051,17.3
40053,23
40055,12.2
40057,14.3
40059,20.6
40061,12.8
40063,12.6
40065,19.9
40067,11.8
40069,13.2
40071,18.9
40073,16.3
40075,16.6
40077,12.4
40079,11.3
40081,13.5
40083,20.8
40085,11.3
40087,18.1
40089,12.5
40091,11.1
40093,15.2
40095,14.8
40097,11.7
40099,13.5
40101,17.1
40103,18.8
40105,11.8
40107,11.1
40109,28.5
40111,13.7
40113,17.8
40115,13
40117,14.7
40119,32.5
40121,15.7
40123,24.9
40125,16.3
40127,13.7
40129,17.9
40131,20.3
40133,13.6
40135,11.9
40137,16.2
40139,17.9
40141,14.7
40143,29.1
40145,19.8
40147,25.3
40149,15.2
40151,28.2
40153,16.5
41000,28.3
41001,19.5
41003,47.7
41005,31.5
41007,22.1
41009,16.9
41011,17.6
41013,15.8
41015,18.3
41017,28.9
41019,15
41021,20
41023,16.5
41025,15.9
41027,27.2
41029,24.5
41031,14.1
41033,16.2
41035,18.3
41037,15.4
41039,27.3
41041,23.1
41043,15.6
41045,12.7
41047,20.6
41049,11.5
41051,36.9
41053,26.3
41055,15.3
41057,19.6
41059,15.6
41061,20.4
41063,22.7
41065,21.2
41067,37.9
41069,21
41071,23
42000,26
42001,18.7
42003,33.5
42005,13.7
42007,18.9
42009,12.4
42011,21.5
42013,17.2
42015,15.6
42017,34.1
42019,27.9
42021,16.7
42023,14.6
42025,13.8
42027,38.4
42029,46.9
42031,16.3
42033,12.5
42035,16.5
42037,17.7
42039,17.2
42041,31.6
42043,26.5
42045,34.4
42047,15.6
42049,23.5
42051,13.4
42053,10.3
42055,17.5
42057,9.1
42059,14.8
42061,13
42063,18.4
42065,12.3
42067,9.7
42069,23.5
42071,23.2
42073,18.3
42075,17.8
42077,27
42079,20
42081,18.4
42083,15.8
42085,18.5
42087,10.9
42089,23.3
42091,43.7
42093,25.5
42095,25.7
42097,13.5
42099,13.1
42101,22.1
42103,23.3
42105,12.7
42107,13.5
42109,15
42111,14.2
42113,12.5
42115,15.2
42117,17.8
42119,21.6
42121,14.2
42123,16
42125,23.9
42127,19
42129,23.2
42131,16.6
42133,21
44000,29.8
44001,40.5
44003,28.9
44005,43.3
44007,25.1
44009,40.9
45000,23.5
45001,16.2
45003,22.9
45005,13.4
45007,18.2
45009,14.7
45011,12.8
45013,36.7
45015,16.7
45017,20.1
45019,36.7
45021,11.6
45023,10.7
45025,11.2
45027,12.2
45029,13.2
45031,17.1
45033,9.1
45035,22.3
45037,15.3
45039,14.4
45041,20.6
45043,22
45045,29.1
45047,22.4
45049,10.9
45051,21
45053,10.4
45055,19
45057,13.6
45059,14.8
45061,9
45063,26.7
45065,14.9
45067,12.8
45069,7.9
45071,18.7
45073,21
45075,16.9
45077,22.9
45079,36.6
45081,13.6
45083,19.8
45085,17.6
45087,12
45089,11.6
45091,25.3
46000,24.6
46003,11.9
46005,19.6
46007,16.1
46009,15.9
46011,35.1
46013,24.1
46015,23.5
46017,5.2
46019,17.7
46021,17.2
46023,16
46025,10.7
46027,42.7
46029,21.1
46031,14.4
46033,26
46035,24.3
46037,15.4
46039,17.2
46041,13.4
46043,13.8
46045,18.3
46047,19.8
46049,18.8
46051,15.5
46053,14.7
46055,20.6
46057,18.3
46059,16.6
46061,19.4
46063,29.1
46065,32.5
46067,21.4
46069,14.1
46071,23.5
46073,11.6
46075,15.8
46077,19.1
46079,22.2
46081,33.3
46083,30.9
46085,17.6
46087,20.5
46089,13.7
46091,17.7
46093,22
46095,14.7
46097,17.7
46099,28.2
46101,21.9
46103,27.1
46105,16.2
46107,18
46109,15.5
46111,17.5
46113,12.9
46115,18.3
46117,24.9
46119,25.3
46121,16
46123,16.3
46125,23
46127,27.6
46129,19.4
46135,25.6
46137,11.2
47000,22.4
47001,21.7
47003,13
47005,13.8
47007,8.6
47009,20.7
47011,19.2
47013,9.2
47015,11.1
47017,13.7
47019,13.8
47021,16.7
47023,14.2
47025,11.5
47027,11.4
47029,8.6
47031,18.4
47033,14.2
47035,15.8
47037,33.6
47039,8.8
47041,10.6
47043,15.5
47045,13.8
47047,17.8
47049,9.3
47051,17.1
47053,14.6
47055,13.8
47057,7.5
47059,12.8
47061,9.2
47063,14.8
47065,26.9
47067,7.3
47069,10.9
47071,10
47073,12.2
47075,12.8
47077,10.9
47079,13.3
47081,9
47083,7.1
47085,12.6
47087,8.6
47089,13.5
47091,10.4
47093,33
47095,4.7
47097,8.7
47099,10.8
47101,9.4
47103,15.9
47105,21.3
47107,14.3
47109,9.7
47111,8.1
47113,24.4
47115,11
47117,11.4
47119,16.1
47121,9.6
47123,11
47125,22.8
47127,14.3
47129,5.4
47131,12.3
47133,10.1
47135,7.2
47137,10.7
47139,9.3
47141,21.7
47143,11.2
47145,17.2
47147,14
47149,26.4
47151,8.1
47153,16.8
47155,15.2
47157,27.5
47159,12.2
47161,10.7
47163,19.6
47165,22.8
47167,14.1
47169,9.7
47171,11.9
47173,6.9
47175,8.7
47177,11.2
47179,26.9
47181,7.9
47183,18.7
47185,10.1
47187,50.2
47189,23.3
48000,25.4
48001,11
48003,10.2
48005,15.8
48007,23.4
48009,19.3
48011,22.5
48013,10.8
48015,16.6
48017,18.9
48019,24.2
48021,17
48023,21.8
48025,9.5
48027,21.5
48029,24.6
48031,25.9
48033,18.7
48035,14.8
48037,17.8
48039,25.3
48041,38.4
48043,27.6
48045,16.1
48047,11.1
48049,15.3
48051,11.5
48053,21.1
48055,13.7
48057,14.2
48059,16.1
48061,14.9
48063,15.5
48065,21.4
48067,13.6
48069,14.7
48071,14.8
48073,12.6
48075,10.3
48077,17.5
48079,12.1
48081,11.3
48083,11.6
48085,47.4
48087,14
48089,15.3
48091,31.3
48093,16.1
48095,12.4
48097,18.9
48099,15
48101,15
48103,10.8
48105,12
48107,13.8
48109,16.8
48111,9.7
48113,27.4
48115,8.7
48117,12.3
48119,17.2
48121,37.4
48123,12.4
48125,11.2
48127,14.2
48129,16.2
48131,9.3
48133,14.9
48135,13
48137,20.9
48139,19.4
48141,18.8
48143,23.5
48145,10
48147,13.4
48149,17.5
48151,15.4
48153,14.4
48155,13.6
48157,38.9
48159,19.2
48161,14.5
48163,10.1
48165,9.7
48167,25.6
48169,8.6
48171,25.6
48173,11.8
48175,14.6
48177,14.7
48179,10.4
48181,19
48183,21.4
48185,11.4
48187,23.9
48189,15
48191,13.2
48193,22.5
48195,19.1
48197,14.7
48199,14.4
48201,27.8
48203,15.8
48205,18.2
48207,10.7
48209,32
48211,19.2
48213,13.8
48215,15.2
48217,14.8
48219,17.6
48221,22.8
48223,16.2
48225,13.2
48227,10.7
48229,9
48231,16.5
48233,14.2
48235,12.3
48237,10.4
48239,15.6
48241,14.5
48243,36.1
48245,18
48247,9.8
48249,9.7
48251,16.2
48253,10.2
48255,6.6
48257,15
48259,36.5
48261,19.9
48263,18
48265,25.7
48267,21.5
48269,30.5
48271,18.3
48273,19.9
48275,14.9
48277,17
48279,13.1
48281,16.2
48283,8.8
48285,14.2
48287,15.2
48289,13.4
48291,9.2
48293,11.1
48295,20
48297,12.4
48299,24.4
48301,36.4
48303,26.7
48305,14.7
48307,19
48309,20.4
48311,13.4
48313,13.2
48315,10.7
48317,12.1
48319,28.5
48321,13.8
48323,14
48325,18.8
48327,10.3
48329,24.5
48331,12.3
48333,15.9
48335,10.3
48337,13.7
48339,28.7
48341,11.7
48343,18.9
48345,15.4
48347,23.6
48349,14.7
48351,7.2
48353,18
48355,19.6
48357,17.9
48359,24.3
48361,12.8
48363,14
48365,12
48367,20.2
48369,14.8
48371,10.8
48373,10.6
48375,14.6
48377,15.3
48379,12.1
48381,29.9
48383,9.1
48385,21
48387,9.1
48389,6.7
48391,10.5
48393,36.2
48395,15.5
48397,34.2
48399,17.4
48401,14
48403,11.1
48405,12.5
48407,9.5
48409,15.1
48411,18
48413,17.9
48415,15.5
48417,24.5
48419,12.8
48421,19.5
48423,23.2
48425,23.4
48427,8.2
48429,11.1
48431,22
48433,21.3
48435,16
48437,14
48439,28.3
48441,23.3
48443,26.6
48445,12.4
48447,17.5
48449,13.7
48451,21.3
48453,43.1
48455,11.3
48457,13.8
48459,14.5
48461,11.2
48463,14
48465,15.7
48467,12.5
48469,17.1
48471,16.9
48473,17.8
48475,8.8
48477,24.1
48479,17.1
48481,15.7
48483,12.5
48485,20.9
48487,16.1
48489,9.5
48491,35.9
48493,17.2
48495,9.4
48497,15.2
48499,15.3
48501,16.3
48503,13.5
48505,8.9
48507,7.5
49000,28.7
49001,11.6
49003,21.7
49005,35
49007,15
49009,14.2
49011,32.7
49013,13.9
49015,12.7
49017,19.5
49019,23
49021,26.5
49023,12.7
49025,17.8
49027,18.8
49029,25
49031,14.3
49033,26.2
49035,29.6
49037,16.3
49039,18.3
49041,16.4
49043,48.2
49045,19.1
49047,14.5
49049,34.7
49051,29.5
49053,22.9
49055,25
49057,21.9
50000,32.9
50001,31.8
50003,31.2
50005,27.9
50007,44.7
50009,16.1
50011,20.9
50013,29.4
50015,32.3
50017,28.3
50019,20
50021,25.7
50023,36.8
50025,33.3
50027,34
51000,33.4
51001,17.8
51003,52.5
51005,15.3
51007,9.6
51009,17
51011,12.7
51013,68.8
51015,18.4
51017,11.5
51019,23.4
51021,13.7
51023,22.7
51025,12.3
51027,8.9
51029,12.6
51031,16.2
51033,14.8
51035,13
51036,11.2
51037,13.1
51041,36.1
51043,27.4
51045,14.3
51047,21.2
51049,10.5
51051,9.9
51053,13.8
51057,17.6
51059,58.4
51061,29
51063,18.4
51065,25.8
51067,14.3
51069,22.6
51071,13.8
51073,17.4
51075,27.6
51077,9.1
51079,20
51081,4.8
51083,12.3
51085,32.7
51087,39
51089,10.9
51091,21.7
51093,25
51095,45.4
51097,10.5
51099,28.3
51101,19.6
51103,28.3
51105,12
51107,56.5
51109,16.6
51111,9
51113,21.8
51115,18.8
51117,12.8
51119,25.2
51121,39.6
51125,20.3
51127,23.6
51131,19
51133,20.7
51135,12.1
51137,20.3
51139,10.4
51141,10.5
51143,13
51145,21
51147,19
51149,18.4
51153,37.7
51155,13.9
51157,34.5
51159,10.9
51161,32
51163,23
51165,21.5
51167,9.5
51169,9.5
51171,17.6
51173,13.3
51175,12.6
51177,30.3
51179,35.5
51181,14.3
51183,9.8
51185,14.4
51187,21.7
51191,19.6
51193,16.5
51195,11.9
51197,14.4
51199,41.5
51510,59
51515,20.5
51520,18.9
51530,14.8
51540,43.3
51550,27.6
51560,0
51570,20.2
51580,9.8
51590,15.7
51595,15.9
51600,50.9
51610,69.5
51620,21
51630,31.5
51640,13.2
51650,21.2
51660,31.8
51670,11.2
51678,47.6
51680,28.1
51683,27.7
51685,24.8
51690,17.8
51700,22.9
51710,23.4
51720,19.1
51730,15.9
51735,34.2
51740,18.3
51750,30.7
51760,32.5
51770,21.9
51775,26.3
51780,0
51790,25.9
51800,24.6
51810,31.6
51820,21.7
51830,48.3
51840,28.1
53000,30.8
53001,13.6
53003,18.4
53005,27.1
53007,23.9
53009,23.4
53011,25.5
53013,20.8
53015,14.4
53017,18
53019,15.6
53021,14.4
53023,19.4
53025,13.6
53027,14.1
53029,28.2
53031,35.9
53033,44.8
53035,28.1
53037,31
53039,17.4
53041,15.4
53043,21.3
53045,19.3
53047,17.5
53049,16.5
53051,17.4
53053,23.3
53055,44.7
53057,22.9
53059,18.2
53061,27.9
53063,27.2
53065,18.3
53067,31.2
53069,16.3
53071,23.4
53073,31.7
53075,44.8
53077,15.7
54000,17.1
54001,12.1
54003,18.9
54005,8
54007,9.6
54009,14.7
54011,21.8
54013,7.5
54015,10.1
54017,8.3
54019,11.2
54021,13
54023,11.6
54025,17.2
54027,10.3
54029,15.7
54031,10.1
54033,18.4
54035,15.3
54037,28.7
54039,23
54041,11.5
54043,8.7
54045,8.7
54047,5.7
54049,19.7
54051,12.2
54053,11.8
54055,16.4
54057,14.1
54059,8.7
54061,34.3
54063,14.1
54065,12.4
54067,12.4
54069,24.6
54071,15.2
54073,12.7
54075,12.5
54077,12.1
54079,23.9
54081,14.8
54083,16.9
54085,9
54087,9.5
54089,12.2
54091,13.8
54093,13.2
54095,10.3
54097,15.5
54099,12.7
54101,6.5
54103,13.4
54105,11
54107,18.9
54109,7.9
55000,25.5
55001,10.8
55003,19.4
55005,17.3
55007,26.3
55009,25.9
55011,14.9
55013,16
55015,24.6
55017,17.5
55019,10.7
55021,19.6
55023,16.1
55025,44.4
55027,15
55029,26.8
55031,21.1
55033,24.7
55035,29.3
55037,15.6
55039,17.9
55041,11
55043,19.1
55045,18.3
55047,16.1
55049,22
55051,15.3
55053,13.7
55055,21.3
55057,11.6
55059,22
55061,13.1
55063,28.6
55065,15.3
55067,13.1
55069,14.7
55071,18
55073,20.9
55075,14.2
55077,11.9
55078,10.3
55079,26.8
55081,15.2
55083,13.4
55085,21.8
55087,25.2
55089,42.2
55091,16.7
55093,25.2
55095,18.1
55097,26
55099,14.6
55101,22.4
55103,14.6
55105,19.6
55107,14.7
55109,32.1
55111,19.6
55113,20.4
55115,13.9
55117,20.9
55119,12.9
55121,17.4
55123,18.4
55125,25.1
55127,25.2
55129,18.5
55131,25.9
55133,38.4
55135,15.9
55137,12.5
55139,24.7
55141,19
56000,23.2
56001,48.8
56003,19
56005,16.9
56007,18.4
56009,17
56011,18.1
56013,22.2
56015,19.9
56017,18.7
56019,25.6
56021,22.7
56023,17.4
56025,21.5
56027,18.8
56029,25.7
56031,16.9
56033,22.7
56035,26.2
56037,16.9
56039,49.5
56041,17.3
56043,24.5
56045,19.3
