id,income_per_capita
0,27041
1000,22732
1001,23774
1003,26197
1005,15842
1007,18953
1009,20360
1011,17746
1013,17221
1015,21372
1017,17072
1019,20434
1021,20326
1023,16193
1025,16790
1027,18267
1029,18365
1031,22706
1033,21689
1035,16960
1037,18563
1039,18958
1041,19900
1043,20339
1045,21299
1047,16304
1049,17552
1051,21866
1053,16711
1055,20354
1057,18228
1059,17610
1061,17697
1063,14564
1065,15221
1067,18438
1069,22797
1071,18742
1073,26256
1075,19926
1077,21737
1079,19795
1081,22384
1083,21943
1085,16466
1087,15494
1089,29588
1091,17403
1093,18654
1095,19654
1097,21274
1099,17951
1101,25102
1103,22758
1105,14266
1107,16475
1109,19085
1111,18813
1113,18386
1115,21067
1117,33607
1119,13667
1121,18710
1123,22595
1125,22489
1127,20321
1129,17748
1131,12258
1133,16855
2000,29382
2013,21788
2016,34966
2020,33436
2050,18169
2060,28662
2068,44689
2070,23324
2090,28373
2100,28843
2105,23169
2110,34880
2122,26940
2130,29867
2150,26862
2164,16450
2170,24906
2180,20452
2185,24125
2188,20001
2195,29679
2198,23915
2220,30013
2230,32801
2240,24209
2261,27708
2270,11382
2275,28485
2282,28608
2290,18516
4000,25203
4001,11614
4003,22419
4005,22238
4007,19054
4009,15842
4011,20754
4012,20050
4013,27185
4015,21321
4017,15794
4019,24556
4021,21526
4023,15706
4025,25458
4027,18244
5000,20977
5001,20898
5003,18949
5005,20632
5007,24647
5009,20182
5011,15654
5013,16869
5015,19134
5017,13954
5019,16212
5021,18911
5023,20280
5025,18875
5027,20460
5029,19562
5031,21521
5033,18637
5035,18104
5037,18060
5039,16971
5041,16562
5043,18789
5045,22080
5047,17266
5049,17096
5051,22318
5053,22449
5055,17923
5057,17207
5059,17922
5061,19218
5063,19776
5065,17609
5067,15124
5069,18735
5071,15985
5073,17593
5075,15520
5077,14685
5079,16222
5081,19036
5083,18924
5085,22154
5087,17776
5089,19032
5091,19445
5093,18053
5095,16445
5097,20054
5099,21992
5101,15528
5103,18072
5105,20418
5107,14187
5109,18536
5111,16436
5113,17047
5115,19281
5117,17024
5119,26975
5121,17577
5123,13273
5125,24099
5127,16668
5129,15617
5131,21568
5133,16123
5135,15655
5137,15473
5139,20247
5141,17300
5143,22508
5145,20238
5147,19790
5149,15993
6000,29020
6001,33831
6003,30436
6005,26532
6007,22904
6009,27728
6011,20381
6013,37742
6015,19016
6017,34203
6019,20375
6021,19257
6023,23496
6025,16017
6027,27358
6029,19939
6031,17416
6033,21425
6035,19239
6037,26983
6039,18988
6041,53284
6043,26642
6045,24101
6047,17994
6049,20193
6051,28938
6053,25345
6055,34955
6057,31100
6059,33901
6061,35617
6063,27639
6065,24642
6067,27033
6069,25840
6071,21792
6073,30705
6075,44373
6077,22767
6079,29098
6081,43286
6083,29487
6085,39201
6087,33532
6089,23964
6091,27948
6093,22528
6095,28288
6097,32939
6099,21931
6101,22830
6103,20299
6105,21963
6107,17865
6109,26775
6111,32063
6113,26761
6115,20278
8000,29679
8001,24000
8003,17798
8005,31808
8007,22208
8009,19960
8011,16189
8013,36047
8014,34268
8015,26572
8017,22012
8019,35337
8021,16668
8023,16148
8025,18299
8027,26539
8029,20592
8031,29844
8033,19180
8035,42253
8037,35104
8039,34189
8041,27750
8043,19816
8045,28038
8047,30798
8049,28469
8051,25134
8053,35719
8055,21383
8057,22594
8059,34147
8061,23502
8063,20517
8065,18374
8067,29980
8069,29188
8071,21012
8073,22676
8075,22190
8077,26053
8079,46720
8081,24337
8083,23147
8085,23048
8087,19936
8089,17996
8091,28751
8093,29893
8095,21550
8097,62544
8099,17934
8101,21419
8103,27325
8105,18181
8107,34450
8109,19462
8111,31462
8113,40301
8115,20590
8117,35048
8119,29259
8121,22195
8123,24458
8125,20998
9000,36468
9001,48394
9003,32779
9005,35387
9007,37251
9009,31318
9011,32382
9013,32092
9015,25603
10000,28935
10001,24226
10003,31071
10005,26689
11000,40846
11001,40846
12000,26503
12001,24305
12003,18067
12005,24858
12007,17152
12009,27342
12011,28465
12013,14506
12015,27561
12017,22714
12019,26689
12021,36942
12023,18596
12027,17187
12029,15504
12031,25948
12033,23154
12035,25498
12037,22924
12039,17245
12041,18364
12043,19810
12045,18754
12047,14716
12049,15209
12051,14591
12053,22872
12055,19343
12057,27252
12059,15545
12061,33014
12063,16604
12065,20323
12067,16575
12069,24768
12071,30363
12073,25467
12075,18381
12077,16157
12079,16486
12081,28418
12083,22407
12085,35546
12086,22619
12087,36086
12089,27908
12091,28361
12093,18375
12095,25778
12097,20770
12099,33586
12101,23811
12103,28872
12105,22283
12107,18235
12109,36198
12111,23779
12113,24700
12115,32768
12117,29741
12119,22314
12121,17798
12123,17248
12125,13126
12127,24474
12129,22114
12131,27125
12133,17850
13000,25098
13001,17647
13003,16131
13005,17025
13007,14817
13009,17481
13011,19337
13013,20760
13015,22656
13017,15284
13019,16672
13021,21269
13023,17908
13025,19290
13027,20886
13029,27209
13031,17871
13033,15901
13035,20313
13037,12370
13039,21602
13043,15798
13045,20551
13047,22142
13049,17337
13051,25240
13053,21739
13055,15079
13057,30001
13059,19797
13061,16123
13063,18962
13065,15916
13067,32713
13069,16766
13071,17561
13073,29185
13075,15856
13077,25730
13079,19677
13081,16855
13083,19042
13085,24750
13087,17751
13089,28064
13091,15239
13093,13131
13095,20227
13097,24516
13099,15989
13101,13663
13103,22364
13105,17451
13107,15278
13109,17166
13111,21310
13113,34942
13115,20696
13117,36098
13119,18855
13121,36412
13123,19320
13125,15772
13127,27273
13129,18219
13131,18502
13133,23919
13135,27301
13137,19629
13139,23004
13141,11250
13143,18755
13145,28753
13147,20231
13149,16706
13151,25990
13153,25192
13155,15348
13157,21368
13159,19933
13161,15318
13163,15087
13165,16980
13167,14716
13169,20879
13171,18065
13173,16961
13175,19280
13177,23716
13179,17640
13181,18938
13183,14456
13185,20876
13187,20094
13189,18200
13191,20323
13193,13538
13195,18118
13197,16645
13199,17586
13201,20322
13205,15982
13207,25882
13209,16977
13211,25181
13213,17155
13215,21717
13217,22158
13219,31715
13221,18983
13223,23022
13225,18896
13227,26525
13229,17781
13231,20684
13233,18832
13235,15729
13237,25188
13239,16327
13241,23543
13243,17385
13245,20135
13247,23847
13249,16331
13251,17049
13253,18760
13255,19695
13257,17576
13259,12681
13261,17464
13263,16855
13265,13248
13267,15900
13269,14918
13271,13680
13273,15550
13275,21501
13277,18124
13279,17183
13281,23635
13283,14662
13285,19314
13287,15452
13289,16920
13291,23750
13293,17449
13295,19674
13297,22624
13299,17416
13301,15816
13303,15322
13305,18342
13307,14969
13309,11395
13311,22471
13313,19612
13315,12777
13317,17219
13319,17486
13321,19000
15000,28662
15001,25960
15003,29221
15005,53144
15007,26982
15009,29121
16000,22262
16001,27805
16003,22918
16005,20781
16007,19478
16009,18158
16011,18601
16013,31626
16015,23212
16017,23379
16019,23189
16021,17853
16023,20949
16025,20389
16027,18290
16029,20368
16031,17513
16033,14416
16035,21703
16037,22681
16039,20705
16041,17878
16043,18543
16045,20066
16047,17523
16049,18305
16051,18349
16053,17119
16055,23846
16057,19198
16059,21297
16061,18581
16063,18896
16065,13050
16067,17467
16069,23128
16071,18316
16073,18049
16075,20701
16077,17938
16079,18668
16081,23577
16083,19701
16085,27384
16087,19162
17000,28469
17001,23941
17003,16149
17005,22225
17007,24991
17009,16866
17011,24081
17013,21849
17015,24904
17017,19440
17019,23495
17021,20673
17023,23083
17025,19578
17027,24722
17029,19798
17031,29021
17033,22165
17035,21097
17037,23500
17039,24970
17041,21780
17043,37592
17045,21394
17047,22174
17049,23584
17051,20842
17053,22560
17055,18131
17057,20469
17059,22200
17061,21883
17063,27450
17065,20669
17067,23098
17069,19202
17071,21960
17073,25023
17075,22887
17077,18409
17079,20765
17081,21104
17083,24144
17085,27494
17087,17806
17089,28980
17091,22633
17093,29640
17095,20872
17097,37970
17099,24605
17101,19966
17103,24411
17105,22930
17107,21501
17109,18245
17111,31766
17113,26969
17115,25044
17117,22993
17119,25873
17121,20133
17123,25028
17125,23456
17127,20186
17129,26846
17131,25081
17133,28745
17135,21226
17137,23404
17139,23929
17141,24057
17143,27299
17145,17913
17147,26988
17149,20590
17151,19681
17153,17351
17155,25740
17157,19938
17159,22842
17161,24476
17163,24316
17165,20782
17167,27907
17169,21730
17171,27800
17173,22075
17175,25409
17177,23234
17179,27238
17181,19230
17183,20432
17185,23497
17187,19961
17189,24360
17191,21263
17193,23037
17195,22956
17197,29207
17199,21468
17201,23773
17203,29200
18000,24044
18001,19312
18003,24140
18005,26897
18007,21369
18009,21823
18011,36344
18013,25864
18015,23179
18017,20608
18019,23521
18021,20523
18023,21069
18025,18157
18027,19223
18029,24903
18031,22346
18033,21861
18035,19991
18037,25061
18039,22485
18041,19439
18043,25890
18045,21297
18047,22403
18049,21034
18051,22848
18053,20104
18055,20945
18057,38298
18059,28260
18061,23344
18063,29303
18065,20410
18067,23729
18069,21428
18071,21385
18073,23423
18075,18868
18077,20740
18079,19254
18081,27509
18083,20844
18085,24025
18087,19159
18089,22973
18091,23206
18093,21277
18095,21864
18097,24682
18099,22499
18101,22450
18103,19196
18105,21649
18107,23111
18109,23970
18111,23588
18113,20316
18115,25214
18117,18472
18119,20507
18121,18917
18123,20421
18125,20518
18127,28081
18129,26983
18131,21328
18133,21122
18135,20095
18137,22462
18139,20906
18141,23136
18143,18795
18145,26295
18147,23862
18149,18571
18151,23273
18153,19909
18155,22664
18157,21602
18159,23819
18161,19936
18163,24112
18165,21508
18167,20205
18169,20882
18171,22566
18173,29237
18175,19303
18177,22153
18179,22944
18181,21812
18183,24248
19000,25060
19001,22897
19003,26835
19005,20604
19007,20721
19009,23957
19011,24814
19013,22380
19015,25079
19017,26493
19019,23897
19021,20881
19023,23900
19025,22195
19027,24468
19029,22447
19031,24724
19033,25332
19035,23995
19037,21783
19039,22168
19041,23198
19043,22101
19045,23040
19047,19988
19049,32031
19051,22464
19053,17515
19055,22681
19057,23114
19059,28771
19061,24455
19063,22985
19065,21812
19067,21296
19069,21253
19071,23275
19073,23727
19075,27136
19077,26219
19079,25280
19081,22530
19083,23737
19085,23939
19087,23838
19089,22028
19091,24633
19093,23700
19095,26491
19097,22647
19099,23498
19101,22668
19103,26987
19105,21641
19107,21685
19109,26338
19111,21240
19113,28045
19115,20030
19117,19510
19119,22815
19121,26775
19123,22027
19125,24374
19127,23000
19129,24554
19131,22622
19133,21761
19135,20140
19137,20992
19139,24029
19141,24647
19143,22083
19145,21545
19147,21748
19149,27982
19151,23320
19153,29592
19155,24150
19157,25404
19159,22170
19161,22428
19163,26977
19165,21754
19167,21156
19169,24202
19171,22538
19173,21019
19175,20947
19177,20291
19179,22139
19181,28317
19183,22714
19185,19365
19187,22395
19189,20962
19191,24161
19193,21563
19195,27600
19197,23006
20000,25522
20001,19844
20003,19749
20005,21424
20007,24035
20009,21516
20011,18663
20013,19893
20015,26445
20017,20828
20019,22366
20021,19353
20023,19824
20025,25120
20027,23373
20029,18908
20031,22416
20033,25646
20035,20612
20037,18693
20039,21232
20041,21707
20043,20921
20045,24304
20047,23936
20049,21076
20051,23231
20053,23581
20055,19877
20057,18838
20059,22307
20061,20547
20063,20972
20065,25096
20067,24832
20069,20741
20071,31938
20073,21113
20075,17703
20077,21992
20079,23023
20081,23354
20083,22705
20085,22214
20087,25669
20089,22651
20091,37118
20093,18904
20095,23260
20097,19179
20099,21647
20101,24231
20103,25342
20105,22136
20107,21731
20109,21554
20111,18051
20113,24965
20115,20954
20117,21720
20119,22237
20121,26520
20123,23960
20125,20771
20127,22506
20129,22490
20131,22004
20133,18449
20135,26231
20137,18863
20139,22124
20141,21668
20143,21860
20145,17695
20147,22388
20149,25576
20151,23527
20153,22617
20155,22000
20157,23494
20159,19140
20161,19115
20163,22890
20165,22283
20167,23283
20169,22790
20171,31889
20173,25241
20175,18026
20177,25506
20179,23023
20181,23052
20183,22984
20185,20702
20187,18465
20189,20858
20191,23740
20193,21552
20195,21353
20197,22587
20199,22485
20201,22296
20203,18908
20205,19346
20207,24665
20209,18849
21000,22284
21001,15349
21003,16331
21005,24189
21007,23308
21009,20361
21011,15891
21013,14111
21015,28112
21017,20951
21019,22538
21021,21841
21023,19092
21025,15194
21027,18380
21029,23156
21031,16965
21033,19955
21035,20457
21037,27138
21039,18573
21041,22278
21043,18172
21045,13891
21047,17408
21049,23328
21051,12607
21053,14163
21055,19496
21057,14947
21059,22431
21061,18544
21063,12623
21065,15528
21067,27878
21069,16293
21071,16419
21073,26590
21075,16347
21077,17175
21079,17359
21081,19963
21083,19315
21085,17587
21087,21649
21089,21167
21091,19626
21093,22759
21095,15889
21097,20120
21099,16663
21101,22246
21103,21697
21105,20811
21107,20965
21109,14784
21111,26400
21113,24140
21115,18417
21117,27305
21119,15366
21121,13698
21123,18844
21125,18460
21127,15080
21129,11448
21131,14435
21133,16672
21135,14341
21137,17609
21139,21379
21141,19379
21143,18970
21145,24463
21147,12079
21149,21871
21151,20649
21153,12449
21155,18100
21157,21944
21159,12540
21161,21023
21163,19230
21165,14445
21167,23051
21169,18111
21171,16259
21173,18701
21175,17999
21177,18366
21179,21877
21181,17198
21183,17987
21185,34731
21187,21747
21189,11706
21191,19165
21193,18549
21195,19012
21197,15830
21199,18185
21201,16012
21203,14468
21205,16927
21207,17066
21209,27424
21211,28201
21213,20950
21215,24859
21217,17523
21219,18668
21221,23087
21223,19903
21225,18078
21227,23219
21229,19889
21231,15115
21233,19068
21235,14938
21237,11148
21239,28409
22000,22535
22001,17704
22003,16497
22005,26385
22007,21150
22009,16293
22011,21210
22013,18700
22015,24960
22017,22323
22019,23514
22021,18935
22023,25681
22025,18465
22027,17236
22029,16090
22031,19648
22033,25233
22035,15720
22037,17968
22039,17616
22041,17648
22043,19526
22045,19559
22047,19282
22049,18971
22051,25196
22053,19526
22055,26675
22057,22578
22059,18916
22061,18397
22063,22722
22065,14124
22067,16047
22069,17000
22071,23559
22073,21158
22075,21960
22077,20938
22079,21480
22081,17722
22083,17891
22085,20292
22087,18182
22089,25216
22091,17170
22093,21818
22095,20921
22097,16506
22099,20788
22101,19725
22103,28587
22105,19608
22107,15991
22109,22513
22111,20386
22113,20108
22115,20070
22117,17619
22119,19459
22121,22309
22123,16086
22125,19179
22127,15589
23000,24980
23001,22102
23003,19379
23005,30159
23007,20896
23009,26982
23011,24575
23013,25421
23015,28141
23017,21004
23019,22813
23021,19677
23023,26769
23025,19546
23027,21790
23029,19114
23031,26863
24000,34236
24001,20246
24003,37823
24005,33158
24009,35898
24011,23531
24013,32992
24015,28576
24017,34786
24019,25047
24021,34746
24023,24068
24025,33399
24027,44120
24029,29262
24031,46122
24033,30917
24035,35870
24037,33242
24039,17378
24041,39294
24043,26802
24045,25935
24047,31626
24510,22911
25000,33460
25001,34568
25003,28425
25005,27590
25007,33465
25009,33432
25011,27305
25013,24556
25015,27612
25017,39322
25019,46573
25021,41510
25023,32686
25025,31080
25027,29882
26000,25172
26001,19807
26003,20207
26005,23270
26007,20482
26009,24585
26011,19013
26013,18101
26015,25133
26017,23262
26019,23225
26021,24028
26023,19562
26025,22521
26027,23471
26029,30044
26031,22540
26033,19856
26035,18980
26037,28494
26039,21420
26041,22330
26043,23278
26045,25864
26047,28047
26049,23093
26051,20465
26053,19427
26055,26352
26057,18759
26059,20283
26061,17627
26063,22301
26065,23669
26067,19153
26069,21444
26071,20019
26073,18744
26075,22330
26077,24560
26079,19728
26081,25018
26083,19733
26085,15971
26087,25502
26089,31752
26091,23082
26093,32297
26095,16462
26097,22137
26099,27037
26101,21915
26103,22891
26105,21726
26107,18633
26109,22155
26111,27915
26113,18938
26115,26164
26117,18787
26119,18609
26121,20115
26123,20618
26125,36318
26127,18183
26129,18620
26131,21176
26133,17610
26135,19844
26137,22823
26139,25676
26141,21383
26143,19647
26145,21665
26147,24043
26149,20096
26151,19402
26153,19752
26155,22135
26157,20012
26159,21938
26161,30792
26163,21691
26165,20446
27000,29431
27001,22436
27003,29329
27005,24297
27007,20694
27009,23644
27011,22423
27013,23088
27015,24326
27017,23526
27019,35987
27021,24674
27023,23616
27025,25716
27027,22367
27029,20143
27031,27962
27033,23888
27035,24002
27037,34108
27039,26323
27041,25195
27043,22323
27045,23126
27047,23400
27049,26873
27051,22488
27053,35687
27055,24720
27057,23872
27059,25555
27061,23257
27063,23471
27065,21417
27067,26670
27069,24679
27071,25192
27073,23215
27075,25277
27077,30009
27079,25730
27081,24460
27083,23560
27085,26853
27087,18787
27089,23340
27091,25401
27093,23881
27095,21550
27097,23031
27099,23871
27101,23274
27103,25236
27105,21656
27107,22794
27109,32716
27111,22924
27113,21724
27115,21129
27117,21421
27119,22415
27121,25139
27123,29045
27125,22737
27127,23033
27129,23095
27131,24232
27133,22732
27135,23061
27137,24258
27139,33750
27141,27586
27143,23642
27145,24521
27147,24391
27149,22698
27151,21860
27153,21390
27155,22635
27157,26040
27159,19727
27161,22957
27163,36233
27165,21263
27167,23976
27169,21933
27171,28176
27173,23216
28000,19534
28001,18479
28003,18277
28005,16595
28007,17764
28009,14157
28011,15051
28013,15458
28015,16644
28017,15932
28019,16921
28021,12179
28023,17158
28025,16194
28027,15148
28029,16720
28031,16675
28033,24435
28035,18374
28037,21866
28039,18505
28041,14117
28043,18296
28045,22168
28047,22444
28049,20992
28051,11914
28053,13490
28055,11275
28057,19283
28059,22256
28061,17015
28063,13388
28065,14915
28067,18115
28069,14805
28071,20768
28073,23773
28075,19725
28077,18606
28079,14748
28081,21365
28083,12699
28085,20147
28087,20292
28089,30930
28091,16502
28093,15685
28095,18276
28097,16707
28099,17371
28101,16484
28103,13123
28105,18600
28107,16071
28109,19415
28111,16863
28113,17385
28115,17482
28117,16678
28119,12722
28121,25971
28123,15625
28125,15503
28127,18112
28129,17611
28131,19745
28133,11666
28135,12664
28137,17848
28139,15682
28141,16892
28143,14818
28145,17765
28147,15701
28149,21228
28151,16018
28153,16449
28155,16294
28157,13426
28159,16669
28161,15918
28163,14328
29000,24423
29001,16228
29003,23586
29005,22936
29007,17890
29009,18583
29011,18916
29013,18774
29015,19452
29017,17625
29019,24843
29021,20837
29023,19039
29025,18918
29027,21521
29029,24687
29031,23229
29033,23887
29035,14667
29037,25740
29039,16370
29041,20291
29043,23095
29045,22825
29047,27828
29049,24130
29051,25775
29053,18556
29055,17032
29057,16763
29059,17008
29061,20935
29063,20237
29065,17438
29067,15283
29069,16378
29071,23469
29073,20788
29075,19574
29077,23282
29079,18432
29081,18757
29083,21395
29085,17567
29087,22566
29089,19625
29091,16591
29093,17073
29095,24817
29097,19513
29099,24609
29101,19567
29103,18434
29105,19768
29107,22733
29109,18164
29111,18916
29113,20989
29115,21256
29117,20786
29119,17056
29121,18298
29123,16876
29125,18809
29127,19520
29129,20032
29131,17708
29133,16350
29135,19144
29137,19953
29139,19913
29141,18962
29143,18412
29145,20947
29147,19411
29149,14717
29151,21326
29153,16438
29155,15866
29157,21767
29159,18884
29161,20754
29163,18729
29165,33689
29167,17595
29169,18982
29171,20422
29173,21089
29175,16699
29177,24040
29179,17506
29181,15602
29183,30517
29185,17979
29186,21970
29187,18224
29189,33236
29195,18779
29197,18912
29199,19916
29201,19026
29203,14548
29205,17695
29207,19080
29209,20691
29211,16332
29213,20855
29215,15785
29217,17602
29219,23702
29221,16081
29223,16042
29225,17332
29227,18306
29229,17209
29510,20818
30000,22881
30001,19572
30003,14723
30005,16858
30007,20490
30009,25123
30011,22737
30013,22585
30015,20518
30017,21433
30019,24202
30021,23477
30023,20572
30025,27391
30027,20560
30029,23612
30031,25921
30033,21151
30035,16904
30037,18321
30039,20503
30041,21760
30043,24660
30045,25442
30047,19357
30049,25745
30051,18213
30053,18224
30055,21632
30057,22768
30059,18866
30061,18787
30063,23551
30065,19164
30067,23289
30069,22168
30071,22538
30073,18431
30075,20064
30077,18039
30079,24813
30081,22157
30083,23912
30085,16320
30087,19169
30089,17759
30091,25050
30093,20914
30095,26194
30097,20672
30099,20544
30101,19271
30103,20446
30105,23246
30107,21912
30109,20506
30111,25062
30113,0
31000,24568
31001,22337
31003,19915
31005,18458
31007,22254
31009,19414
31011,22360
31013,22990
31015,19718
31017,19367
31019,22470
31021,23219
31023,22360
31025,27162
31027,21612
31029,21340
31031,22555
31033,25878
31035,20771
31037,18384
31039,22335
31041,21346
31043,19032
31045,16987
31047,18853
31049,22191
31051,19884
31053,21900
31055,27119
31057,25119
31059,21927
31061,19740
31063,23351
31065,21982
31067,21467
31069,19290
31071,19512
31073,23197
31075,20576
31077,19017
31079,22217
31081,22389
31083,24022
31085,21318
31087,20218
31089,20914
31091,21785
31093,21312
31095,21465
31097,18319
31099,26478
31101,24440
31103,17771
31105,21358
31107,19653
31109,25328
31111,24637
31113,21656
31115,18787
31117,21747
31119,22465
31121,22201
31123,21231
31125,19678
31127,21914
31129,21245
31131,23112
31133,20801
31135,22997
31137,23158
31139,21051
31141,23085
31143,24346
31145,20612
31147,20622
31149,23209
31151,20953
31153,28322
31155,26423
31157,20658
31159,24700
31161,19955
31163,21021
31165,24837
31167,21495
31169,21692
31171,30230
31173,15178
31175,20575
31177,27631
31179,18540
31181,17782
31183,32717
31185,24028
32000,27395
32001,22347
32003,27395
32005,34645
32007,25771
32009,30763
32011,29080
32013,24711
32015,23233
32017,16272
32019,19467
32021,23243
32023,21283
32027,16052
32029,28673
32031,29348
32033,22960
32510,27113
33000,30640
33001,27715
33003,27594
33005,27423
33007,22855
33009,27456
33011,32039
33013,29699
33015,35016
33017,27257
33019,25592
34000,34566
34001,27634
34003,42174
34005,34165
34007,29112
34009,33371
34011,21758
34013,30991
34015,30843
34017,30573
34019,48291
34021,35870
34023,33022
34025,39995
34027,46764
34029,29922
34031,25808
34033,27391
34035,46835
34037,35047
34039,33670
34041,32600
35000,22461
35001,25830
35003,20978
35005,18366
35006,14412
35007,21923
35009,19523
35011,19393
35013,17639
35015,23957
35017,19916
35019,15023
35021,19390
35023,17581
35025,19865
35027,24062
35028,47848
35029,14739
35031,13029
35033,20432
35035,18624
35037,17756
35039,19134
35041,16281
35043,25205
35045,20029
35047,17278
35049,30714
35051,17661
35053,17256
35055,21720
35057,17327
35059,18174
35061,19805
36000,30634
36001,30063
36003,19440
36005,17301
36007,24432
36009,20508
36011,22705
36013,21023
36015,22691
36017,22496
36019,22804
36021,31093
36023,21633
36025,22199
36027,30637
36029,26256
36031,24244
36033,19170
36035,22234
36037,23241
36039,23392
36041,27408
36043,21819
36045,21391
36047,22959
36049,21249
36051,22152
36053,23738
36055,26698
36057,22103
36059,40515
36061,60047
36063,24035
36065,23224
36067,27038
36069,28022
36071,28272
36073,20141
36075,21362
36077,22255
36079,36637
36081,25268
36083,27289
36085,30603
36087,34071
36089,19427
36091,31554
36093,27308
36095,23667
36097,21704
36099,21230
36101,22739
36103,35062
36105,23491
36107,24034
36109,24409
36111,28619
36113,27014
36115,21772
36117,23845
36119,47204
36121,20397
36123,22408
37000,24547
37001,22509
37003,20453
37005,19944
37007,16974
37009,20706
37011,24915
37013,22220
37015,17058
37017,16938
37019,25993
37021,26209
37023,18341
37025,26128
37027,19860
37029,24639
37031,26588
37033,17443
37035,22789
37037,28448
37039,19953
37041,19994
37043,22042
37045,18978
37047,18189
37049,23968
37051,21728
37053,25210
37055,30763
37057,22042
37059,25929
37061,16333
37063,27698
37065,16417
37067,26189
37069,20537
37071,21955
37073,19337
37075,17652
37077,21201
37079,17275
37081,26389
37083,17162
37085,19338
37087,23514
37089,25312
37091,16149
37093,16831
37095,16314
37097,25018
37099,20219
37101,22661
37103,18752
37105,20641
37107,18877
37109,22734
37111,18773
37113,25751
37115,18717
37117,18053
37119,32432
37121,18522
37123,17308
37125,24072
37127,23327
37129,29148
37131,16956
37133,20783
37135,32198
37137,21669
37139,21077
37141,21952
37143,20532
37145,22016
37147,21622
37149,22513
37151,20978
37153,17635
37155,15128
37157,20284
37159,21779
37161,19030
37163,18295
37165,16612
37167,20917
37169,20117
37171,19868
37173,18742
37175,23740
37177,17033
37179,27649
37181,17510
37183,32234
37185,18037
37187,17716
37189,21534
37191,20036
37193,19578
37195,20698
37197,19597
37199,17939
38000,24978
38001,19846
38003,25243
38005,13726
38007,31548
38009,25000
38011,27673
38013,29507
38015,27706
38017,27476
38019,27139
38021,20684
38023,27954
38025,25006
38027,20104
38029,21002
38031,28423
38033,20916
38035,22905
38037,25104
38039,25235
38041,24695
38043,23896
38045,25696
38047,21094
38049,23172
38051,21922
38053,26100
38055,25694
38057,29900
38059,24122
38061,22928
38063,23040
38065,29706
38067,25756
38069,17346
38071,24224
38073,22344
38075,24545
38077,22877
38079,14121
38081,25501
38083,24287
38085,11288
38087,22301
38089,23810
38091,30873
38093,22990
38095,23380
38097,22980
38099,23956
38101,25353
38103,23458
38105,27293
39000,24830
39001,17778
39003,21781
39005,20529
39007,19765
39009,16287
39011,25185
39013,19991
39015,19989
39017,25484
39019,21447
39021,22953
39023,22147
39025,27497
39027,22340
39029,19785
39031,19620
39033,21100
39035,25788
39037,21901
39039,21978
39041,38878
39043,24774
39045,25810
39047,21031
39049,27002
39051,22578
39053,18770
39055,32554
39057,28115
39059,19349
39061,27968
39063,25273
39065,19530
39067,19816
39069,22427
39071,19332
39073,19257
39075,17427
39077,21485
39079,18484
39081,20518
39083,20362
39085,27514
39087,18932
39089,25593
39091,23421
39093,24605
39095,23221
39097,24076
39099,22390
39101,19546
39103,29604
39105,18371
39107,22373
39109,24904
39111,18248
39113,24642
39115,17526
39117,20537
39119,20469
39121,18703
39123,27712
39125,21019
39127,18913
39129,20906
39131,17370
39133,24594
39135,22922
39137,23393
39139,21607
39141,19897
39143,22143
39145,17547
39147,20954
39149,22417
39151,23660
39153,26613
39155,22013
39157,20676
39159,27104
39161,21174
39163,16056
39165,31506
39167,22256
39169,22708
39171,21369
39173,25897
39175,22395
40000,22561
40001,13112
40003,20512
40005,15995
40007,24923
40009,21101
40011,17887
40013,18051
40015,16917
40017,25995
40019,20184
40021,15850
40023,16486
40025,18364
40027,25427
40029,16827
40031,20015
40033,20410
40035,18336
40037,20937
40039,20504
40041,20544
40043,21388
40045,22510
40047,22269
40049,20367
40051,21359
40053,23406
40055,14246
40057,16207
40059,24765
40061,18000
40063,17346
40065,20465
40067,17619
40069,17093
40071,20487
40073,23320
40075,18713
40077,19586
40079,17251
40081,20405
40083,23348
40085,20381
40087,22986
40089,18267
40091,15903
40093,23560
40095,17679
40097,19199
40099,19935
40101,18609
40103,19984
40105,20802
40107,14619
40109,25270
40111,18622
40113,21492
40115,17539
40117,19639
40119,18870
40121,20128
40123,20715
40125,19003
40127,15239
40129,27915
40131,24171
40133,16781
40135,17099
40137,22509
40139,18870
40141,15478
40143,26226
40145,23776
40147,25545
40149,20956
40151,22664
40153,23095
41000,25893
41001,22305
41003,25618
41005,31753
41007,25021
41009,24452
41011,21680
41013,21921
41015,23556
41017,28002
41019,21175
41021,25349
41023,22082
41025,22802
41027,22759
41029,24182
41031,18889
41033,21256
41035,21770
41037,19817
41039,23256
41041,23469
41043,22246
41045,16552
41047,21982
41049,18985
41051,28496
41053,23777
41055,20314
41057,22041
41059,19676
41061,22009
41063,24887
41065,21774
41067,30020
41069,22289
41071,23928
42000,26678
42001,24783
42003,28825
42005,21137
42007,23681
42009,20340
42011,25365
42013,21982
42015,20557
42017,35039
42019,27646
42021,20782
42023,21066
42025,22600
42027,22949
42029,40763
42031,19945
42033,20142
42035,19318
42037,21519
42039,20516
42041,29820
42043,27402
42045,31819
42047,22762
42049,22358
42051,19100
42053,14675
42055,25227
42057,21357
42059,19832
42061,20430
42063,19815
42065,20263
42067,20766
42069,23774
42071,25813
42073,21427
42075,24949
42077,27588
42079,23166
42081,21887
42083,21205
42085,21661
42087,18733
42089,24938
42091,39511
42093,26472
42095,28171
42097,20765
42099,23032
42101,20882
42103,27408
42105,19654
42107,21309
42109,20910
42111,19901
42113,19506
42115,21713
42117,20178
42119,21023
42121,20721
42123,21666
42125,25599
42127,22315
42129,25344
42131,21895
42133,26724
44000,28638
44001,35512
44003,31466
44005,36199
44007,25136
44009,34656
45000,23196
45001,16772
45003,23960
45005,14298
45007,22110
45009,14549
45011,18239
45013,32116
45015,21979
45017,20960
45019,28963
45021,18052
45023,17798
45025,17582
45027,16532
45029,17784
45031,19794
45033,14074
45035,23505
45037,20089
45039,18491
45041,21538
45043,24147
45045,25390
45047,21630
45049,15438
45051,24790
45053,17162
45055,22011
45057,18929
45059,18650
45061,13185
45063,25819
45065,18537
45067,15892
45069,12981
45071,20237
45073,23411
45075,17612
45077,20626
45079,25865
45081,19522
45083,22230
45085,19025
45087,17990
45089,14636
45091,25674
46000,23445
46003,21196
46005,24008
46007,15551
46009,18786
46011,20363
46013,23801
46015,19272
46017,9820
46019,18717
46021,22549
46023,17155
46025,22386
46027,17887
46029,25003
46031,12229
46033,24156
46035,24088
46037,19959
46039,22243
46041,15732
46043,20971
46045,24441
46047,21810
46049,21613
46051,22705
46053,21711
46055,26627
46057,20972
46059,24721
46061,21892
46063,25323
46065,27260
46067,22917
46069,20482
46071,14146
46073,23358
46075,23894
46077,23948
46079,22655
46081,23114
46083,28307
46085,15738
46087,26354
46089,17733
46091,20656
46093,21737
46095,17338
46097,22889
46099,25836
46101,24367
46103,25310
46105,26296
46107,23582
46109,19263
46111,21260
46113,7880
46115,25899
46117,29532
46119,26241
46121,11075
46123,20639
46125,23886
46127,33662
46129,21176
46135,23511
46137,11517
47000,23557
47001,23260
47003,18061
47005,19706
47007,13615
47009,24100
47011,21832
47013,16390
47015,17540
47017,19333
47019,17567
47021,23724
47023,17770
47025,17225
47027,17250
47029,17115
47031,20571
47033,20097
47035,20019
47037,27797
47039,18258
47041,17306
47043,21953
47045,18952
47047,25778
47049,16638
47051,20851
47053,20005
47055,20339
47057,17064
47059,18355
47061,14415
47063,20843
47065,26400
47067,12810
47069,16782
47071,17763
47073,18020
47075,16359
47077,19792
47079,20420
47081,17174
47083,16865
47085,21107
47087,17815
47089,19682
47091,16605
47093,26784
47095,11110
47097,15890
47099,17715
47101,16487
47103,22523
47105,26559
47107,19419
47109,18542
47111,17201
47113,22482
47115,20902
47117,20296
47119,22641
47121,18952
47123,17525
47125,22308
47127,27510
47129,16650
47131,20164
47133,17927
47135,16367
47137,16588
47139,18363
47141,18892
47143,17129
47145,22425
47147,22284
47149,24789
47151,14777
47153,17970
47155,20916
47157,25050
47159,21846
47161,19067
47163,22969
47165,25997
47167,22006
47169,20120
47171,20497
47173,16347
47175,15650
47177,18311
47179,23438
47181,15401
47183,19566
47185,17176
47187,41188
47189,27976
48000,24318
48001,16576
48003,26176
48005,19907
48007,24950
48009,24290
48011,24496
48013,17815
48015,25158
48017,16578
48019,23055
48021,21650
48023,24460
48025,13798
48027,22002
48029,22557
48031,27176
48033,38606
48035,20106
48037,21638
48039,27208
48041,19763
48043,20289
48045,17389
48047,14720
48049,20417
48051,20599
48053,23910
48055,17838
48057,20468
48059,22103
48061,13474
48063,18451
48065,23879
48067,20456
48069,16698
48071,27166
48073,17428
48075,15422
48077,24725
48079,18857
48081,17968
48083,16458
48085,37382
48087,20144
48089,22135
48091,30327
48093,18348
48095,17692
48097,23428
48099,18688
48101,17088
48103,20063
48105,22719
48107,17883
48109,18609
48111,17527
48113,25703
48115,15335
48117,16537
48119,20721
48121,30960
48123,19265
48125,17430
48127,13077
48129,18500
48131,14169
48133,18299
48135,21828
48137,26845
48139,24250
48141,16285
48143,20092
48145,15448
48147,19397
48149,24931
48151,21143
48153,17680
48155,17609
48157,30541
48159,22076
48161,22568
48163,14262
48165,21079
48167,27768
48169,13464
48171,27069
48173,23093
48175,26392
48177,18298
48179,19796
48181,22778
48183,23335
48185,17601
48187,24484
48189,16298
48191,19554
48193,22482
48195,19142
48197,17751
48199,23551
48201,26498
48203,20776
48205,20976
48207,21016
48209,23984
48211,30199
48213,21042
48215,13130
48217,19466
48219,19666
48221,28023
48223,20937
48225,18342
48227,18083
48229,13806
48231,21276
48233,21209
48235,26328
48237,21112
48239,23563
48241,18900
48243,20970
48245,21670
48247,13412
48249,15799
48251,22846
48253,15847
48255,16388
48257,22232
48259,38147
48261,12892
48263,29389
48265,24529
48267,26598
48269,32407
48271,16857
48273,17941
48275,22887
48277,20590
48279,17664
48281,20562
48283,14483
48285,23249
48287,22247
48289,21637
48291,18571
48293,16782
48295,24041
48297,20644
48299,28342
48301,40046
48303,21939
48305,20184
48307,21657
48309,20160
48311,20247
48313,14159
48315,19082
48317,21806
48319,25168
48321,21396
48323,12438
48325,19096
48327,23323
48329,29084
48331,20870
48333,18905
48335,15058
48337,21485
48339,30909
48341,18527
48343,20113
48345,18893
48347,17806
48349,19292
48351,17800
48353,19820
48355,21979
48357,21530
48359,21180
48361,22826
48363,20946
48365,21944
48367,26143
48369,16339
48371,15939
48373,16435
48375,18470
48377,16813
48379,20146
48381,27699
48383,23369
48385,17399
48387,19516
48389,14574
48391,17894
48393,30884
48395,21357
48397,32612
48399,20572
48401,22063
48403,18150
48405,16301
48407,19304
48409,20196
48411,19117
48413,23083
48415,20062
48417,21357
48419,19127
48421,19500
48423,24130
48425,23713
48427,9717
48429,19248
48431,20716
48433,23143
48435,24266
48437,16263
48439,26957
48441,21581
48443,24052
48445,20576
48447,20075
48449,17520
48451,21483
48453,31758
48455,19125
48457,18340
48459,20969
48461,18972
48463,16873
48465,15118
48467,21111
48469,23219
48471,13988
48473,21577
48475,18849
48477,25164
48479,13617
48481,21033
48483,26444
48485,22529
48487,18914
48489,10242
48491,28536
48493,22710
48495,18982
48497,23135
48499,20329
48501,19666
48503,24970
48505,12496
48507,10706
49000,22684
49001,16263
49003,20299
49005,18755
49007,20055
49009,22806
49011,25001
49013,19929
49015,18752
49017,23772
49019,19152
49021,16508
49023,17772
49025,24515
49027,18897
49029,25595
49031,16028
49033,21100
49035,24911
49037,14024
49039,15067
49041,18497
49043,38610
49045,21883
49047,23768
49049,19125
49051,26040
49053,21501
49055,19730
49057,22326
50000,27036
50001,25849
50003,27072
50005,22334
50007,30685
50009,19873
50011,24393
50013,30558
50015,25683
50017,25197
50019,20391
50021,24987
50023,28136
50025,26725
50027,29269
51000,31606
51001,22013
51003,35532
51005,21936
51007,22832
51009,21463
51011,22268
51013,55514
51015,23560
51017,21645
51019,27630
51021,20353
51023,28717
51025,17376
51027,16185
51029,20133
51031,22629
51033,24705
51035,17942
51036,25223
51037,17818
51041,31789
51043,32083
51045,22642
51047,26707
51049,19605
51051,16333
51053,23679
51057,24244
51059,48140
51061,38317
51063,20171
51065,27628
51067,23425
51069,28182
51071,20570
51073,27021
51075,34020
51077,19602
51079,24692
51081,17824
51083,19960
51085,33696
51087,32822
51089,18945
51091,24632
51093,29179
51095,37989
51097,23518
51099,30995
51101,26538
51103,27921
51105,16317
51107,44788
51109,26433
51111,17790
51113,25489
51115,25159
51117,19727
51119,28332
51121,21271
51125,25911
51127,31488
51131,21872
51133,29036
51135,20478
51137,27716
51139,23399
51141,18694
51143,20668
51145,24926
51147,17526
51149,25712
51153,35681
51155,20677
51157,33244
51159,20768
51161,30338
51163,23401
51165,24656
51167,17288
51169,18153
51171,24245
51173,19819
51175,21176
51177,30735
51179,34135
51181,24132
51183,17299
51185,19388
51187,29150
51191,22789
51193,26316
51195,17512
51197,20074
51199,34723
51510,51492
51515,19056
51520,19764
51530,19743
51540,23601
51550,28890
51560,0
51570,25359
51580,19228
51590,19074
51595,19990
51600,42018
51610,52303
51620,20228
51630,27569
51640,18726
51650,23738
51660,15965
51670,19278
51678,17248
51680,21548
51683,29642
51685,27990
51690,17797
51700,23454
51710,23294
51720,20932
51730,18963
51735,35228
51740,22268
51750,15459
51760,26022
51770,22883
51775,26182
51780,0
51790,22406
51800,28400
51810,30415
51820,22666
51830,19898
51840,26310
53000,29320
53001,17013
53003,22640
53005,26250
53007,23339
53009,24216
53011,27382
53013,25334
53015,22679
53017,22522
53019,16283
53021,18671
53023,21113
53025,19205
53027,21295
53029,27572
53031,27258
53033,37797
53035,29659
53037,22451
53039,20481
53041,21689
53043,24127
53045,22152
53047,19367
53049,21873
53051,21502
53053,27265
53055,35483
53057,25956
53059,22893
53061,30483
53063,24662
53065,20531
53067,29385
53069,22968
53071,21783
53073,25021
53075,18552
53077,18562
54000,20891
54001,16690
54003,25140
54005,20158
54007,18263
54009,22425
54011,21697
54013,17340
54015,16003
54017,15351
54019,17711
54021,12367
54023,18738
54025,19113
54027,17965
54029,23287
54031,18403
54033,20736
54035,20811
54037,30447
54039,24816
54041,17301
54043,16048
54045,17813
54047,12585
54049,19774
54051,18989
54053,19810
54055,17943
54057,22059
54059,17323
54061,21659
54063,19016
54065,20759
54067,19350
54069,23342
54071,20570
54073,18696
54075,18666
54077,18011
54079,25215
54081,20598
54083,17421
54085,19092
54087,15500
54089,15531
54091,19266
54093,18864
54095,19399
54097,18591
54099,18893
54101,16175
54103,19690
54105,17717
54107,22166
54109,16693
55000,26447
55001,21724
55003,19159
55005,22879
55007,23902
55009,26885
55011,22904
55013,22907
55015,27218
55017,23778
55019,19670
55021,26594
55023,21367
55025,31846
55027,23765
55029,28081
55031,23296
55033,21505
55035,24326
55037,20180
55039,25165
55041,20099
55043,20772
55045,26606
55047,25226
55049,25144
55051,21285
55053,21042
55055,25366
55057,23008
55059,25503
55061,24616
55063,24804
55065,22691
55067,21834
55069,23185
55071,25077
55073,26222
55075,22585
55077,22639
55078,13575
55079,23670
55081,22947
55083,24397
55085,27346
55087,26751
55089,39441
55091,24037
55093,25704
55095,24674
55097,24154
55099,23569
55101,25924
55103,21529
55105,24135
55107,20835
55109,31125
55111,25599
55113,22733
55115,22557
55117,25543
55119,22018
55121,23060
55123,21011
55125,27130
55127,26856
55129,22717
55131,30594
55133,36553
55135,23014
55137,21535
55139,26299
55141,24679
56000,26925
56001,24764
56003,22675
56005,30319
56007,25606
56009,26658
56011,23634
56013,23868
56015,21882
56017,26373
56019,24111
56021,26573
56023,24699
56025,27261
56027,23582
56029,25178
56031,24246
56033,26045
56035,31090
56037,29825
56039,38588
56041,24633
56043,31421
56045,27505
