id,pop_density
1000,94.8
1001,93
1003,117.4
1005,30.6
1007,36.6
1009,89.5
1011,16.9
1013,26.6
1015,194.4
1017,56.9
1019,47.1
1021,63.4
1023,14.9
1025,20.7
1027,23
1029,26.5
1031,74.4
1033,92
1035,15.4
1037,16.5
1039,36.9
1041,22.8
1043,109.6
1045,89.2
1047,44.3
1049,91.8
1051,129.6
1053,40.3
1055,195
1057,27.4
1059,50.3
1061,46.6
1063,13.8
1065,23.9
1067,31
1069,176.6
1071,49.4
1073,592.9
1075,23.7
1077,139
1079,49.4
1081,236.1
1083,152.5
1085,15.6
1087,34.8
1089,424.3
1091,21.2
1093,41.3
1095,166.4
1097,335.6
1099,22.2
1101,295.9
1103,207.1
1105,14.4
1107,22
1109,49
1111,39.3
1113,85.1
1115,133.6
1117,252.2
1119,14.9
1121,110.8
1123,58.1
1125,149.2
1127,84.3
1129,16.1
1131,12.9
1133,39.7
2000,1.3
2013,0.5
2016,1.3
2020,173.4
2050,0.4
2060,2
2068,0.1
2070,0.3
2090,13.5
2100,1.1
2105,0.3
2110,11.9
2122,3.5
2130,2.8
2150,2.1
2164,0.1
2170,3.7
2180,0.4
2185,0.1
2188,0.2
2195,1.2
2198,1.5
2220,3.1
2230,2.1
2240,0.3
2261,0.3
2270,0.4
2275,0.9
2282,0.1
2290,0
4000,57.1
4001,6.5
4003,21.6
4005,7.2
4007,11.2
4009,8
4011,4.7
4012,4.5
4013,421.8
4015,15.2
4017,10.8
4019,107.7
4021,71.4
4023,38.5
4025,26.1
4027,36.4
5000,56.5
5001,19.1
5003,23.4
5005,74.9
5007,268.5
5009,62.8
5011,17.7
5013,8.2
5015,43.7
5017,18.2
5019,26.4
5021,24.8
5023,46.8
5025,14.5
5027,31.9
5029,38.5
5031,139
5033,104.4
5035,82.9
5037,28.8
5039,12.1
5041,16.6
5043,22.3
5045,179.6
5047,29.6
5049,19.9
5051,143.3
5053,28.5
5055,73.9
5057,31
5059,53.4
5061,23.6
5063,48.3
5065,23.1
5067,28.2
5069,87.6
5071,39
5073,14.2
5075,29.2
5077,17.1
5079,24.9
5081,24.4
5083,31.5
5085,90
5087,18.9
5089,27.8
5091,69.9
5093,51
5095,13.3
5097,12.1
5099,14.6
5101,10.1
5103,35.3
5105,18.9
5107,30.8
5109,18.7
5111,32.3
5113,24
5115,76.7
5117,13.3
5119,508.4
5121,27.6
5123,44.1
5125,151.4
5127,12.6
5129,12.1
5131,239
5133,30.6
5135,28.8
5137,20.8
5139,39.9
5141,24.1
5143,220.3
5145,75.5
5147,12.3
5149,23.7
6000,242
6001,2070.1
6003,1.5
6005,63.8
6007,134.6
6009,44.2
6011,18.7
6013,1489.1
6015,28.5
6017,105.9
6019,158.3
6021,21.4
6023,37.8
6025,42.4
6027,1.8
6029,104.7
6031,110.7
6033,51.2
6035,7.5
6037,2437
6039,71.6
6041,490.2
6043,12.6
6045,25
6047,134.3
6049,2.4
6051,4.7
6053,128.6
6055,184.5
6057,103
6059,3865.3
6061,253.8
6063,7.7
6065,310.8
6067,1488.7
6069,40.4
6071,103
6073,746.5
6075,17341.1
6077,500.4
6079,82.5
6081,1621.8
6083,156.1
6085,1402.5
6087,593.7
6089,47.1
6091,3.3
6093,7.1
6095,506.8
6097,309.7
6099,346.9
6101,157.6
6103,21.6
6105,4.3
6107,93.1
6109,24.7
6111,451.3
6113,199.1
6115,114.9
8000,49.4
8001,386.6
8003,21.7
8005,732.9
8007,8.9
8009,1.5
8011,4.1
8013,412.2
8014,1736.2
8015,17.7
8017,1.1
8019,22.8
8021,6.4
8023,3
8025,7.3
8027,5.7
8029,26.7
8031,4052.7
8033,1.9
8035,347.7
8037,30.8
8039,12.5
8041,299.5
8043,30.9
8045,19.1
8047,36.5
8049,7.9
8051,4.8
8053,0.7
8055,4.1
8057,0.8
8059,706.5
8061,0.8
8063,3.8
8065,19.7
8067,30.7
8069,117.7
8071,3.2
8073,2.1
8075,12.3
8077,44.2
8079,0.8
8081,2.8
8083,12.5
8085,18.3
8087,22
8089,14.9
8091,8
8093,7.3
8095,6.4
8097,17.6
8099,7.7
8101,67.3
8103,2.1
8105,13.1
8107,9.8
8109,2
8111,1.8
8113,5.8
8115,4.3
8117,46
8119,41.9
8121,1.9
8123,64.9
8125,4.3
9000,739.5
9001,1481.7
9003,1217.1
9005,205.1
9007,449.6
9009,1424.5
9011,411.2
9013,371.8
9015,230.5
10000,465.5
10001,281.2
10003,1271.4
10005,214
11000,10123
11001,10123
12000,355.4
12001,285
12003,46.4
12005,223.9
12007,96.1
12009,535.2
12011,1471.5
12013,26
12015,236
12017,240.7
12019,318.3
12021,164.2
12023,84.6
12027,54.8
12029,23.4
12031,1142.4
12033,455.6
12035,200.6
12037,21.7
12039,89.4
12041,48.6
12043,15.7
12045,28.1
12047,28.6
12049,43.7
12051,33.9
12053,366.3
12055,97
12057,1242.7
12059,41.5
12061,276.2
12063,53.7
12065,24.5
12067,16.5
12069,320.8
12071,804.8
12073,416.8
12075,35.9
12077,10
12079,27.5
12081,440.3
12083,209.9
12085,271.4
12086,1346.2
12087,75.1
12089,114.4
12091,197.2
12093,52.2
12095,1294.1
12097,208
12099,677.8
12101,624.5
12103,3350.6
12105,339
12107,101.8
12109,326
12111,490.2
12113,152.3
12115,687.6
12117,1374.6
12119,178.7
12121,61
12123,21.7
12125,63.2
12127,449.4
12129,51.1
12131,53.8
12133,42.8
13000,170.7
13001,36.3
13003,24.8
13005,43.3
13007,9
13009,172.3
13011,78.6
13013,436.1
13015,218.5
13017,70.7
13019,42.9
13021,626.3
13023,61.6
13025,41.5
13027,32.2
13029,72
13031,108.3
13033,28.4
13035,127.5
13037,24
13039,82.2
13043,46.4
13045,222.7
13047,397.9
13049,17.4
13051,636.8
13053,47.2
13055,82.1
13057,517.7
13059,984.4
13061,15.9
13063,1847.4
13065,8.5
13067,2054.3
13069,74.5
13071,83.9
13073,441.6
13075,75.4
13077,294
13079,38.7
13081,87
13083,95.2
13085,106.5
13087,46.4
13089,2615.6
13091,44.2
13093,37.2
13095,288.4
13097,666.6
13099,21
13101,10
13103,110.2
13105,56.6
13107,33.2
13109,60.5
13111,61.3
13113,554.6
13115,188.2
13117,811.7
13119,83.6
13121,1803.1
13123,66.4
13125,21.5
13127,191.5
13129,156.3
13131,55.6
13133,41.4
13135,1916.8
13137,156.4
13139,466
13141,19.9
13143,101.5
13145,69.6
13147,108.9
13149,39.7
13151,643.7
13153,383.2
13155,27.3
13157,180.3
13159,37.7
13161,45.8
13163,31.7
13165,23.5
13167,32.9
13169,72.4
13171,99.1
13173,56.2
13175,59.4
13177,80.3
13179,133.5
13181,37.4
13183,37.8
13185,225.5
13187,106.1
13189,84.2
13191,33.4
13193,36
13195,98.9
13197,23.9
13199,43.1
13201,21.7
13205,45.8
13207,67.3
13209,37.8
13211,51.7
13213,114.8
13215,897
13217,370.4
13219,181.1
13221,33.5
13223,459.7
13225,185.2
13227,126.8
13229,59.3
13231,82.1
13233,132.8
13235,47.1
13237,61.9
13239,16.3
13241,44
13243,17.6
13245,620.4
13247,660.8
13249,30.1
13251,22.3
13253,37.4
13255,325.9
13257,144.9
13259,12.9
13261,67.4
13263,17.2
13265,8.8
13267,53.6
13269,22.6
13271,36.7
13273,27.8
13275,82.1
13277,160.1
13279,75.4
13281,63.7
13283,34.2
13285,163.7
13287,31.1
13289,24.5
13291,65.6
13293,83.4
13295,154.2
13297,259.7
13299,40.9
13301,20.1
13303,31.1
13305,47.3
13307,13.3
13309,26.9
13311,113.3
13313,355.2
13315,24.6
13317,21.7
13319,21.1
13321,38.4
15000,214.1
15001,46.4
15003,1604
15005,7.5
15007,109.2
15009,134.9
16000,19.2
16001,380.8
16003,2.9
16005,75.3
16007,6.2
16009,11.9
16011,21.9
16013,8
16015,3.7
16017,23.5
16019,56.7
16021,8.5
16023,1.3
16025,1
16027,326.4
16029,3.9
16031,9
16033,0.5
16035,3.5
16037,0.9
16039,8.6
16041,19.4
16043,7
16045,29.7
16047,21.2
16049,1.9
16051,24.1
16053,38
16055,113.4
16057,35
16059,1.7
16061,8
16063,4.3
16065,80.7
16067,26.6
16069,46.6
16071,3.5
16073,1.5
16075,55.6
16077,5.5
16079,4.8
16081,22.6
16083,40.6
16085,2.6
16087,7.1
17000,231.8
17001,78.5
17003,34.1
17005,46.6
17007,193.7
17009,22.5
17011,39.8
17013,19.9
17015,34.1
17017,36.1
17019,202.4
17021,49.1
17023,32.2
17025,29.3
17027,80.1
17029,106.1
17031,5518.8
17033,44.8
17035,32.1
17037,165.9
17039,41.7
17041,47.6
17043,2819
17045,29.5
17047,29.8
17049,71.6
17051,30.9
17053,28.8
17055,96.9
17057,42.7
17059,17.1
17061,25.4
17063,119.9
17065,19.4
17067,24
17069,24.1
17071,19
17073,61.2
17075,26.4
17077,103.4
17079,19.6
17081,67.8
17083,62.1
17085,37.8
17087,36.8
17089,1000.4
17091,168.1
17093,364.1
17095,73.9
17097,1591.8
17099,100
17101,45
17103,48.9
17105,37.2
17107,48.8
17109,55.3
17111,512.2
17113,144.1
17115,190.7
17117,55.3
17119,375.2
17121,68.7
17123,32.4
17125,26.9
17127,65.1
17129,40.4
17131,29.2
17133,86.5
17135,42.4
17137,62.5
17139,44.1
17141,70
17143,301.7
17145,50.4
17147,38
17149,19.7
17151,11.9
17153,30.4
17155,37.3
17157,58
17159,45.1
17161,345.1
17163,410.9
17165,65.8
17167,229
17169,17.1
17171,21
17173,29.3
17175,19.7
17177,84.3
17179,209
17181,42.8
17183,90.7
17185,53
17187,32.8
17189,25.8
17191,23.3
17193,29.6
17195,85.3
17197,814.4
17199,158.6
17201,572.7
17203,73.6
18000,181.9
18001,101.4
18003,545.1
18005,191.4
18007,21.8
18009,76.3
18011,135.9
18013,48.4
18015,53.8
18017,94.2
18019,299.2
18021,75.2
18023,81.7
18025,34.9
18027,74.5
18029,164.3
18031,69.6
18033,117
18035,300.1
18037,98.8
18039,429.5
18041,112.9
18043,506.9
18045,43.5
18047,59.9
18049,56.7
18051,68.7
18053,168.6
18055,60.6
18057,717.3
18059,230.5
18061,81.2
18063,363.7
18065,125.7
18067,282.5
18069,97.2
18071,84.4
18073,59.7
18075,55.5
18077,89.4
18079,74.9
18081,442.1
18083,74.6
18085,145.5
18087,98.5
18089,993.2
18091,186.2
18093,102.8
18095,290.4
18097,2299.5
18099,106.1
18101,30.8
18103,97.9
18105,354.3
18107,76.2
18109,172
18111,35.2
18113,115.7
18115,70.4
18117,50.1
18119,55.8
18121,38.8
18123,50.7
18125,38.1
18127,395.9
18129,62.8
18131,30.8
18133,78.9
18135,57.7
18137,64.4
18139,42.4
18141,582.5
18143,126
18145,107.8
18147,52.8
18149,75
18151,110.1
18153,47.8
18155,47.9
18157,349.6
18159,60.6
18161,46.6
18163,772.3
18165,63.2
18167,268.2
18169,79.1
18171,23.1
18173,156.6
18175,54.8
18177,170.9
18179,75.3
18181,48.9
18183,99.5
19000,54.8
19001,13.2
19003,9.5
19005,22.3
19007,25.7
19009,13.6
19011,36.4
19013,232.5
19015,45.9
19017,55.8
19019,36.6
19021,35.5
19023,25.8
19025,16.9
19027,36.6
19029,24.5
19031,31.8
19033,77.3
19035,20.9
19037,24.7
19039,21.7
19041,29.2
19043,23.1
19045,70.5
19047,24.2
19049,118
19051,17.5
19053,15.6
19055,30.6
19057,96.5
19059,44.4
19061,155.6
19063,25.5
19065,28.7
19067,32.1
19069,18.4
19071,14.4
19073,16.3
19075,24.8
19077,18.5
19079,26.9
19081,19.8
19083,30.6
19085,21.3
19087,46.7
19089,20.2
19091,22.6
19093,16.4
19095,27.8
19097,31.1
19099,50
19101,38.6
19103,216.7
19105,35.8
19107,17.9
19109,15.8
19111,68.8
19113,298.3
19115,28.3
19117,20.5
19119,19.9
19121,28.1
19123,39.5
19125,60.1
19127,71.6
19129,34.3
19131,23
19133,13.3
19135,18.6
19137,25.1
19139,97.9
19141,24.8
19143,15.9
19145,29.9
19147,16.7
19149,28.9
19151,12.4
19153,762.3
19155,98.4
19157,32.1
19159,9.6
19161,17.8
19163,364.8
19165,20.4
19167,44.1
19169,156.5
19171,24.5
19173,11.9
19175,29.6
19177,15.5
19179,82
19181,82
19183,38.4
19185,12
19187,52.6
19189,26.9
19191,30.5
19193,117.4
19195,18.9
19197,22.5
20000,35.1
20001,26.6
20003,13.9
20005,38.9
20007,4.3
20009,31.1
20011,23.6
20013,17.5
20015,46
20017,3.6
20019,5.6
20021,36.4
20023,2.7
20025,2.2
20027,13.3
20029,13.1
20031,13.6
20033,2.4
20035,32.2
20037,66.5
20039,3.3
20041,23.3
20043,20.2
20045,246.1
20047,4.9
20049,4.4
20051,31.9
20053,9.1
20055,28.5
20057,31.5
20059,45.4
20061,91.8
20063,2.5
20065,2.9
20067,13.9
20069,7
20071,1.6
20073,5.8
20075,2.7
20077,7.5
20079,64.6
20081,7.4
20083,2.3
20085,20.5
20087,35.6
20089,3.4
20091,1168.2
20093,4.6
20095,9.1
20097,3.5
20099,33.3
20101,2.4
20103,166.7
20105,4.5
20107,16.2
20109,2.6
20111,39.8
20113,32.6
20115,13.3
20117,11.1
20119,4.6
20121,56.8
20123,9
20125,54.2
20127,8.5
20129,4.4
20131,14.1
20133,28.8
20135,2.9
20137,6.4
20139,23.1
20141,4.3
20143,8.5
20145,9.3
20147,6.3
20149,26.1
20151,13.2
20153,2.3
20155,51.5
20157,6.8
20159,13.9
20161,119.7
20163,5.8
20165,4.5
20167,7.8
20169,77.5
20171,6.8
20173,502.3
20175,36.5
20177,328.9
20179,2.8
20181,5.7
20183,4.3
20185,5.5
20187,3.3
20189,7.7
20191,20.1
20193,7.4
20195,3.3
20197,8.8
20199,1.7
20201,6.5
20203,3.2
20205,16.3
20207,6.6
20209,1043.7
21000,110.7
21001,46.1
21003,58.5
21005,107.2
21007,33.5
21009,86.7
21011,42.1
21013,80
21015,494.1
21017,69
21019,309.4
21021,158.2
21023,41.4
21025,28.1
21027,35.7
21029,252.9
21031,30.1
21033,37.6
21035,97.5
21037,601
21039,26.6
21041,85.7
21043,67.4
21045,35.8
21047,102.6
21049,140.8
21051,46.3
21053,51.7
21055,25.9
21057,22.4
21059,212.1
21061,39.9
21063,32.9
21065,58
21067,1063.2
21069,41.6
21071,99.7
21073,237.8
21075,32.9
21077,85.1
21079,73.4
21081,96.2
21083,68
21085,52.3
21087,39.2
21089,107
21091,45.7
21093,172.4
21095,62.4
21097,61.3
21099,44.3
21101,106.3
21103,53.9
21105,19.7
21107,86.5
21109,38.9
21111,1963.4
21113,285
21115,89.3
21117,1001
21119,46.3
21121,82.5
21123,54.7
21125,136.8
21127,38.6
21129,37.4
21131,28
21133,72.3
21135,28.7
21137,74.1
21139,30.4
21141,48.5
21143,38.9
21145,264.8
21147,42.8
21149,37.7
21151,192.5
21153,42.8
21155,58.3
21157,103.9
21159,55.5
21161,73.5
21163,96.8
21165,31
21167,85.5
21169,34.8
21171,33.2
21173,135.5
21175,36.6
21177,67
21179,105.3
21181,36.2
21183,41
21185,323.9
21187,30.9
21189,24.4
21191,53
21193,84.6
21195,82.5
21197,70.7
21199,96.7
21201,22.3
21203,53.9
21205,84.3
21207,69.4
21209,170.9
21211,113.4
21213,74.2
21215,93.1
21217,92.9
21219,33.3
21221,32.4
21223,57.5
21225,43.9
21227,213.3
21229,39.8
21231,45.8
21233,41.2
21235,81.8
21237,33
21239,132.1
22000,105.9
22001,94.6
22003,33.8
22005,379.3
22007,68.4
22009,50.3
22011,31.2
22013,17.7
22015,142.5
22017,292.6
22019,182.5
22021,19
22023,5.2
22025,14.6
22027,22.4
22029,30
22031,30.6
22033,969.4
22035,18.1
22037,44.4
22039,51.2
22041,33.3
22043,34.4
22045,127.8
22047,53.7
22049,28.7
22051,1463.4
22053,48.7
22055,835
22057,90.5
22059,24
22061,99.3
22063,201
22065,19.2
22067,34.7
22069,31.5
22071,2129.2
22073,253.8
22075,30.3
22077,40.7
22079,100.4
22081,22.8
22083,37.5
22085,28.3
22087,104.8
22089,188.2
22091,26.8
22093,90.2
22095,212.2
22097,90.4
22099,71.7
22101,97.6
22103,280
22105,154.9
22107,8.4
22109,90.9
22111,25.9
22113,49.7
22115,39.2
22117,70.4
22119,69.6
22121,125.3
22123,32.2
22125,38.3
22127,15.9
23000,43.1
23001,229.5
23003,10.7
23005,338.1
23007,18.1
23009,34.4
23011,140.6
23013,108.7
23015,75.1
23017,27.8
23019,45.3
23021,4.4
23023,138.8
23025,13.3
23027,53.1
23029,12.7
23031,200.1
24000,600.4
24001,176.1
24003,1312.1
24005,1353.7
24009,418.7
24011,103.3
24013,373.7
24015,293.7
24017,325.8
24019,60.4
24021,358.6
24023,46.4
24025,563.9
24027,1169.1
24029,72.9
24031,2014.8
24033,1805
24035,130
24037,300.9
24039,82.4
24041,141.6
24043,323.7
24045,264.9
24047,110
24510,7653.4
25000,844.5
25001,548
25003,140.8
25005,992.5
25007,162.4
25009,1520.5
25011,102.4
25013,751.5
25015,299.3
25017,1856.4
25019,225.5
25021,1705.2
25023,755
25025,12568.8
25027,530.3
26000,174.7
26001,16
26003,10.4
26005,134.8
26007,51.4
26009,49
26011,43.1
26013,9.8
26015,106.3
26017,242.2
26019,54.6
26021,276.4
26023,89.3
26025,191.8
26027,106.1
26029,62.4
26031,36.2
26033,24.9
26035,55
26037,133.2
26039,25.2
26041,31.7
26043,34.4
26045,187.9
26047,70.3
26049,662.6
26051,51.5
26053,14.8
26055,190.3
26057,74.1
26059,77.8
26061,36.3
26063,39.1
26065,506.4
26067,112
26069,46.5
26071,10.1
26073,123.3
26075,227.7
26077,448.8
26079,30.7
26081,718.4
26083,4
26085,20.3
26087,137
26089,61.8
26091,132.7
26093,321.5
26095,7.3
26097,10.8
26099,1757.3
26101,45.6
26103,37.4
26105,57.9
26107,78
26109,22.9
26111,162.8
26113,26.4
26115,275.9
26117,89.6
26119,17.7
26121,343.1
26123,59.5
26125,1394.7
26127,51.8
26129,38.3
26131,5
26133,41.5
26135,15.2
26137,46.8
26139,472.6
26141,20
26143,47
26145,248.8
26147,224.1
26149,122.1
26151,44.3
26153,7.2
26155,131.6
26157,69
26159,125.3
26161,492.9
26163,2944.2
26165,57.9
27000,67.1
27001,8.9
27003,787.5
27005,24.9
27007,18.1
27009,94.7
27011,10.5
27013,86.1
27015,42.1
27017,41.2
27019,261.4
27021,14
27023,21.2
27025,130
27027,57.2
27029,8.8
27031,3.6
27033,18.3
27035,62.8
27037,715.1
27039,46.1
27041,56.8
27043,20.4
27045,24.2
27047,44.1
27049,61.1
27051,10.9
27053,2110.6
27055,34.3
27057,21.9
27059,87.8
27061,16.9
27063,14.5
27065,31
27067,52.9
27069,4.1
27071,4.3
27073,9.4
27075,5.1
27077,3.1
27079,61.6
27081,10.8
27083,36.2
27085,74.1
27087,9.8
27089,5.3
27091,29
27093,38.3
27095,45.4
27097,29.5
27099,55.3
27101,12.2
27103,73.2
27105,29.9
27107,7.9
27109,223.1
27111,29
27113,22.8
27115,21
27117,20.4
27119,16
27121,16.3
27123,3381.4
27125,9.5
27127,18.2
27129,15.8
27131,129.9
27133,19.9
27135,9.3
27137,32.1
27139,371.9
27141,206.3
27143,25.8
27145,112.7
27147,85
27149,17.2
27151,13
27153,26.3
27155,6.1
27157,41.3
27159,25.6
27161,45.5
27163,627.9
27165,25.8
27167,8.8
27169,82
27171,191.1
27173,13.6
28000,63.5
28001,69.3
28003,92.6
28005,17.9
28007,26.5
28009,21.5
28011,38.5
28013,25.4
28015,16.5
28017,34.1
28019,20.1
28021,19.7
28023,24.2
28025,49.9
28027,46.9
28029,37.6
28031,47.4
28033,344.5
28035,162.6
28037,14.2
28039,47.8
28041,20.1
28043,51.4
28045,94.2
28047,332.8
28049,285.4
28051,24.9
28053,22.3
28055,3.4
28057,43.8
28059,193.6
28061,24.8
28063,14.6
28065,29.7
28067,98
28069,13.2
28071,76.7
28073,115.5
28075,114.4
28077,29.5
28079,40.4
28081,187
28083,53.8
28085,59.5
28087,118
28089,135.7
28091,49.4
28093,52.1
28095,47.9
28097,26.7
28099,52.3
28101,37.2
28103,16.3
28105,104.2
28107,50.5
28109,68.7
28111,18.8
28113,98.8
28115,60.1
28117,61
28119,20.1
28121,185.3
28123,46.6
28125,11.3
28127,46.4
28129,25.8
28131,40
28133,42
28135,23.7
28137,71
28139,48.4
28141,46.2
28143,23.4
28145,65.8
28147,38.1
28149,82.2
28151,69.6
28153,25.4
28155,24.5
28157,14.3
28159,31.4
28161,26.9
28163,30.2
29000,87.4
29001,45
29003,39.7
29005,10.2
29007,36.9
29009,45.3
29011,20.8
29013,20.3
29015,27.1
29017,20
29019,241.6
29021,219.8
29023,62
29025,21.8
29027,53.2
29029,66.6
29031,132.5
29033,13.3
29035,12.5
29037,143.6
29039,29.4
29041,10.3
29043,139.6
29045,13.9
29047,566.7
29049,49.6
29051,195.3
29053,31.3
29055,33.4
29057,15.9
29059,31
29061,14.8
29063,30.3
29065,20.8
29067,16.7
29069,59.1
29071,110.5
29073,29.3
29075,13.8
29077,410.5
29079,23.5
29081,12.3
29083,31.9
29085,24.1
29087,10.4
29089,22
29091,43.9
29093,19.4
29095,1118.9
29097,185.5
29099,334.3
29101,64.4
29103,8.2
29105,46.6
29107,52.8
29109,63.2
29111,20.1
29113,84.7
29115,20.4
29117,28.3
29119,42.6
29121,19.5
29123,24.7
29125,17.4
29127,65.7
29129,8.4
29131,41.8
29133,34.8
29135,37.8
29137,13.5
29139,22.9
29141,34.3
29143,27.8
29145,93.5
29147,26.8
29149,13.9
29151,22.9
29153,12.9
29155,36.9
29157,40.1
29159,61.8
29161,67
29163,27.7
29165,216.3
29167,49
29169,97.2
29171,9.6
29173,21.9
29175,52.5
29177,40.8
29179,8.1
29181,22.5
29183,651.5
29185,14.4
29186,36.3
29187,145.1
29189,1966.7
29195,30.8
29197,14.3
29199,11.1
29201,93.2
29203,8.4
29205,12.5
29207,36.2
29209,69.5
29211,10.3
29213,83.4
29215,22
29217,25.4
29219,75.9
29221,33
29223,17.7
29225,61.5
29227,8.1
29229,27.5
29510,5137.7
30000,6.9
30001,1.7
30003,2.6
30005,1.6
30007,4.8
30009,4.9
30011,0.3
30013,30.3
30015,1.5
30017,3.1
30019,1.2
30021,3.8
30023,12.6
30025,1.8
30027,2.7
30029,17.9
30031,35.1
30033,0.3
30035,4.5
30037,0.7
30039,1.8
30041,5.7
30043,6.9
30045,1.1
30047,19.4
30049,18.6
30051,1.7
30053,5.4
30055,0.6
30057,2.1
30059,0.8
30061,3.5
30063,42.5
30065,2.5
30067,5.5
30069,0.3
30071,0.8
30073,3.9
30075,0.5
30077,3
30079,0.7
30081,16.9
30083,4.9
30085,4.5
30087,1.9
30089,4.1
30091,2.1
30093,47.9
30095,5.1
30097,2
30099,2.7
30101,2.7
30103,0.7
30105,1.5
30107,1.5
30109,1.1
30111,57
31000,24
31001,55.4
31003,7.7
31005,0.7
31007,0.9
31009,0.7
31011,7.9
31013,10.6
31015,3.9
31017,2.6
31019,48.2
31021,13.8
31023,14.2
31025,45.2
31027,11.8
31029,4.5
31031,1
31033,8.3
31035,11.3
31037,25.8
31039,16.1
31041,4.2
31043,79.1
31045,6.6
31047,24.1
31049,4.5
31051,12.6
31053,69.6
31055,1598
31057,2.1
31059,10.2
31061,5.6
31063,2.8
31065,6.9
31067,25.9
31069,1.2
31071,3.6
31073,4.4
31075,0.8
31077,4.4
31079,108.9
31081,16.7
31083,6.2
31085,1.3
31087,4
31089,4.3
31091,1
31093,11.1
31095,13.2
31097,13.9
31099,12.8
31101,7.8
31103,1.1
31105,4
31107,7.7
31109,346
31111,14.1
31113,1.3
31115,1.1
31117,0.6
31119,61
31121,15.9
31123,3.5
31125,8.5
31127,17.9
31129,7.8
31131,25.7
31133,6.3
31135,3.3
31137,17
31139,12.6
31141,48.4
31143,12.1
31145,15.4
31147,15.1
31149,1.5
31151,25
31153,680.2
31155,27.8
31157,50.1
31159,29.2
31161,2.2
31163,5.5
31165,0.6
31167,14.4
31169,9
31171,1
31173,17.8
31175,7.4
31177,52
31179,21.5
31181,6.6
31183,1.4
31185,24
32000,24.8
32001,5
32003,249.6
32005,66.1
32007,2.9
32009,0.2
32011,0.5
32013,1.7
32015,1.1
32017,0.5
32019,25.9
32021,1.2
32023,2.4
32027,1.1
32029,14.8
32031,67.5
32033,1.1
32510,383.2
33000,147.2
33001,150.5
33003,51.2
33005,108.8
33007,18.2
33009,52
33011,458.5
33013,156.9
33015,426.4
33017,335.7
33019,80.9
34000,1199.5
34001,493.7
34003,3909.7
34005,563
34007,2319.6
34009,384.2
34011,324.8
34013,6220.8
34015,897.8
34017,13882
34019,299.3
34021,1634.6
34023,2635.7
34025,1346.1
34027,1075.6
34029,921.4
34031,2719.5
34033,198.6
34035,1076.5
34037,286.2
34039,5245.2
34041,303.5
35000,17.2
35001,578
35003,0.5
35005,10.9
35006,6.1
35007,3.6
35009,35.3
35011,0.8
35013,56.1
35015,13
35017,7.4
35019,1.5
35021,0.3
35023,1.4
35025,14.9
35027,4.2
35028,166.9
35029,8.5
35031,13.5
35033,2.5
35035,9.9
35037,3.1
35039,6.9
35041,8.4
35043,36.2
35045,23.3
35047,6.2
35049,76.3
35051,2.9
35053,2.7
35055,14.9
35057,4.9
35059,1.2
35061,72.3
36000,413
36001,580.6
36003,47.4
36005,33067.1
36007,282
36009,61
36011,115.3
36013,126.7
36015,218.1
36017,56.1
36019,79
36021,98.5
36023,99
36025,33
36027,374.5
36029,880.4
36031,21.8
36033,31.6
36035,111.4
36037,121.7
36039,75.6
36041,2.8
36043,45.5
36045,92.9
36047,35763.9
36049,21.2
36051,103
36053,112
36055,1134.5
36057,123.8
36059,4722
36061,70172.6
36063,413.5
36065,193.2
36067,599.9
36069,168.5
36071,461.8
36073,108.9
36075,128.4
36077,61.8
36079,433.9
36081,20711.4
36083,244.3
36085,8060
36087,1815.9
36089,41.7
36091,272.7
36093,758.2
36095,52.4
36097,55.9
36099,108.7
36101,71.2
36103,1643.3
36105,79.4
36107,98.4
36109,214.3
36111,162.3
36113,75.9
36115,76
36117,154.7
36119,2220.5
36121,70.8
36123,75.3
37000,198.6
37001,361.6
37003,142.6
37005,47
37007,50.1
37009,63.7
37011,71.1
37013,57.6
37015,29.9
37017,39.9
37019,130
37021,367.6
37023,179.3
37025,501.6
37027,174.7
37029,41.6
37031,133.1
37033,55.1
37035,386.7
37037,94.1
37039,59.7
37041,86.1
37043,49.2
37045,210
37047,61.6
37049,147.8
37051,498
37053,91.5
37055,89.5
37057,294.4
37059,157.3
37061,72.9
37063,956
37065,110.9
37067,869.7
37069,124.3
37071,581.5
37073,35.4
37075,30.1
37077,112.8
37079,81.1
37081,767
37083,74.8
37085,200.4
37087,106.3
37089,289.3
37091,69.2
37093,126.1
37095,9.5
37097,280.9
37099,82.1
37101,218.1
37103,21.3
37105,230.4
37107,148.1
37109,264.9
37111,102.4
37113,66.1
37115,46.3
37117,52.4
37119,1802.8
37121,69.8
37123,56.3
37125,128
37127,177.9
37129,1076.5
37131,40.8
37133,235.6
37135,341.1
37137,39.2
37139,179.4
37141,61.4
37143,54.6
37145,101
37147,262.6
37149,85.2
37151,181.9
37153,98.4
37155,142.8
37157,165
37159,269.9
37161,119.7
37163,67.5
37165,112.5
37167,153.5
37169,105.2
37171,138.5
37173,26.6
37175,86.7
37177,11.2
37179,325.3
37181,178.7
37183,1113.2
37185,48.7
37187,37.3
37189,164.2
37191,223.6
37193,91.5
37195,221.2
37197,114.3
37199,56.6
38000,9.9
38001,2.3
38003,7.4
38005,4.8
38007,0.7
38009,3.9
38011,2.7
38013,1.8
38015,50.9
38017,86.3
38019,2.6
38021,4.7
38023,1.7
38025,1.9
38027,3.8
38029,2.3
38031,5.3
38033,1.8
38035,46.4
38037,1.4
38039,3.3
38041,2.2
38043,1.8
38045,3.6
38047,2
38049,2.9
38051,2.8
38053,2.5
38055,4.3
38057,8.1
38059,14.4
38061,4.4
38063,3.1
38065,2.5
38067,6.6
38069,4.3
38071,9.6
38073,6.3
38075,2.8
38077,11.3
38079,15.7
38081,4.4
38083,1.3
38085,3.9
38087,0.6
38089,18.9
38091,2.7
38093,9.5
38095,2.2
38097,9.5
38099,8.6
38101,31.8
38103,3.3
38105,11.7
39000,282.5
39001,48.7
39003,263.6
39005,125.7
39007,144.4
39009,128.6
39011,114.2
39013,131.8
39015,91.2
39017,792.2
39019,72.9
39021,92.8
39023,346.4
39025,440.5
39027,102.6
39029,202.2
39031,65.5
39033,108
39035,2778.5
39037,88.3
39039,94.5
39041,402.5
39043,305.1
39045,291.6
39047,71.3
39049,2215
39051,104.8
39053,66.4
39055,233
39057,393.6
39059,76.5
39061,1971.8
39063,141.3
39065,68.1
39067,39.4
39069,67.5
39071,78.5
39073,69.8
39075,101.2
39077,121.1
39079,79
39081,168.6
39083,116.6
39085,1008.1
39087,137.8
39089,245.1
39091,99.7
39093,614.2
39095,1290.9
39097,93.2
39099,576.4
39101,164
39103,411.2
39105,55.1
39107,88.3
39109,253
39111,32
39113,1164.8
39115,36.1
39117,85.8
39119,129.8
39121,36.9
39123,162.4
39125,46.6
39127,89
39129,111.7
39131,65
39133,331.6
39135,99.2
39137,71.1
39139,249.4
39141,113.5
39143,148.7
39145,129.9
39147,102.5
39149,120.9
39151,652
39153,1307.9
39155,338.5
39157,163
39159,122.2
39161,69.9
39163,32.4
39165,535.5
39167,97.7
39169,206.5
39171,89.3
39173,204.7
39175,55.8
40000,55.3
40001,39.4
40003,6.5
40005,14.6
40007,3.1
40009,24.7
40011,10.5
40013,47.6
40015,23.1
40017,133.3
40019,58.5
40021,63.8
40023,19.8
40025,1.4
40027,485
40029,11.5
40031,117.7
40033,9.8
40035,19.8
40037,74.2
40039,28.1
40041,56.4
40043,4.9
40045,3.3
40047,57.3
40049,34.2
40051,48.2
40053,4.6
40055,9.6
40057,5.4
40059,3.6
40061,22.2
40063,17.2
40065,32.9
40067,8.6
40069,17.3
40071,50.2
40073,16.9
40075,9.3
40077,15.4
40079,31.9
40081,35.9
40083,57.1
40085,18.3
40087,61.7
40089,17.9
40091,32.9
40093,8
40095,43.2
40097,63.2
40099,32.6
40101,87.6
40103,15.8
40105,18.8
40107,20
40109,1033.2
40111,57.3
40113,21.1
40115,67.7
40117,29.5
40119,113.9
40121,34.9
40123,52.5
40125,89.2
40127,8.2
40129,3.2
40131,129.8
40133,40
40135,62.9
40137,51.9
40139,10.4
40141,9.3
40143,1070.8
40145,132
40147,123.9
40149,11.5
40151,6.8
40153,16.1
41000,40.3
41001,5.2
41003,127.1
41005,203.3
41007,44.8
41009,75.2
41011,39.3
41013,7
41015,13.8
41017,53.1
41019,21.3
41021,1.6
41023,1.6
41025,0.7
41027,43.1
41029,73.6
41031,12.2
41033,50.6
41035,11.2
41037,1
41039,77.6
41041,46.9
41043,51.6
41045,3.1
41047,269.7
41049,5.5
41051,1734.4
41053,102.6
41055,2.1
41057,23
41059,23.9
41061,12.7
41063,2.2
41065,10.6
41067,746.2
41069,0.8
41071,139.7
42000,284.8
42001,195.6
42003,1680.7
42005,105
42007,392
42009,49.1
42011,481.9
42013,241.7
42015,54.8
42017,1037.3
42019,234.4
42021,208.8
42023,12.6
42025,170.8
42027,139.4
42029,671.4
42031,66.6
42033,71.1
42035,44.2
42037,139.7
42039,87.7
42041,436.1
42043,512.3
42045,3043.3
42047,38.4
42049,351.6
42051,172.2
42053,17.8
42055,195.3
42057,33.8
42059,67.1
42061,52.5
42063,108
42065,68.9
42067,62.3
42069,466.5
42071,554.8
42073,252.8
42075,371.2
42077,1022.5
42079,360.1
42081,95
42083,44.1
42085,172.8
42087,114
42089,279.3
42091,1664.9
42093,140.5
42095,807.4
42097,206.3
42099,83.5
42101,11457.5
42103,104.3
42105,16.1
42107,189.5
42109,121.1
42111,72
42113,14.4
42115,52.5
42117,37.4
42119,141.9
42121,81.1
42123,46.9
42125,243
42127,73
42129,354.7
42131,71.5
42133,483.1
44000,1016.9
44001,2060.9
44003,982.2
44005,807.7
44007,1530.4
44009,384.4
45000,155.7
45001,51.3
45003,150
45005,24.9
45007,263.5
45009,40.6
45011,40.8
45013,285.8
45015,167
45017,39.7
45019,390.5
45021,141.4
45023,56.7
45025,58.3
45027,57.2
45029,36.5
45031,121.7
45033,78.4
45035,245.8
45037,53.3
45039,34.3
45041,172.3
45043,73.7
45045,587.6
45047,153.6
45049,37.2
45051,243.7
45053,38.4
45055,85.7
45057,141.9
45059,93.2
45061,46.3
45063,382.2
45065,27.9
45067,67.1
45069,59.4
45071,59.9
45073,118.8
45075,83.1
45077,240.9
45079,514
45081,43.9
45083,355.1
45085,161.6
45087,55.8
45089,36.5
45091,338.7
46000,10.9
46003,3.8
46005,13.9
46007,2.9
46009,12.4
46011,40.7
46013,21.5
46015,6.5
46017,4.2
46019,4.6
46021,1.9
46023,8.4
46025,3.8
46027,34.1
46029,39.9
46031,1.6
46033,5.4
46035,45.1
46037,5.6
46039,7
46041,2.4
46043,6.9
46045,3.6
46047,4
46049,2.4
46051,10.6
46053,4.2
46055,1.1
46057,11.8
46059,2.4
46061,7.8
46063,0.5
46065,23.3
46067,8.9
46069,1.6
46071,1.7
46073,4
46075,1
46077,6.2
46079,20.5
46081,30.4
46083,81.1
46085,2.3
46087,9.7
46089,2.2
46091,5.5
46093,7.4
46095,1.6
46097,4.1
46099,212.8
46101,12.5
46103,37
46105,1
46107,2.7
46109,9.3
46111,4.2
46113,6.7
46115,4.3
46117,2.1
46119,1.4
46121,7.1
46123,3.5
46125,13.5
46127,31.8
46129,7.9
46135,43.4
46137,1.5
47000,155.3
47001,223.1
47003,96.1
47005,41.7
47007,31.7
47009,221.8
47011,304.3
47013,84.4
47015,51.8
47017,47.5
47019,167.6
47021,129.2
47023,60
47025,74
47027,32.8
47029,81.8
47031,123.6
47033,54.8
47035,83.2
47037,1260.8
47039,35
47041,61.9
47043,102.2
47045,74.5
47047,54.6
47049,36.1
47051,73.8
47053,82.8
47055,48.1
47057,81.1
47059,111.4
47061,37.6
47063,391.3
47065,628.4
47067,30.3
47069,40.2
47071,44.8
47073,116.4
47075,34.6
47077,53.7
47079,57.6
47081,39.8
47083,41.6
47085,34.8
47087,36.9
47089,188.5
47091,61.1
47093,859.7
47095,46.9
47097,58.8
47099,68.2
47101,43
47103,58.6
47105,214.8
47107,122.1
47109,46.4
47111,73.2
47113,176.4
47115,56.7
47117,82.2
47119,132.9
47121,60.2
47123,70.6
47125,327.6
47127,49.6
47129,41.8
47131,58.4
47133,51.1
47135,19
47137,31.4
47139,38.6
47141,181.9
47143,101.7
47145,149.3
47147,140.9
47149,434.2
47151,41.6
47153,54
47155,154.4
47157,1225.3
47159,60.9
47161,28.7
47163,380.8
47165,309.2
47167,133.7
47169,68.4
47171,98.2
47173,85.9
47175,20.1
47177,92.3
47179,380.9
47181,23.1
47183,60.3
47185,69.4
47187,323.7
47189,204.3
48000,98.3
48001,54.9
48003,10.3
48005,109.9
48007,92.7
48009,9.8
48011,2.1
48013,37.4
48015,44.3
48017,8.8
48019,26
48021,84.6
48023,4.3
48025,36.5
48027,299.9
48029,1416.5
48031,14.9
48033,0.7
48035,18.6
48037,104.9
48039,235.7
48041,337.6
48043,1.5
48045,1.8
48047,7.7
48049,40.4
48051,26.2
48053,43.4
48055,70.5
48057,42.3
48059,15
48061,464.8
48063,63.4
48065,6.8
48067,32.3
48069,9.1
48071,59.5
48073,48.6
48075,10
48077,9.8
48079,4
48081,3.6
48083,6.9
48085,965.5
48087,3.4
48089,21.7
48091,200.1
48093,14.8
48095,4.1
48097,43.9
48099,72.7
48101,1.7
48103,5.6
48105,1.3
48107,6.8
48109,0.6
48111,4.6
48113,2773
48115,15.3
48117,13.1
48119,20.3
48121,781.4
48123,22.3
48125,2.7
48127,7.6
48129,3.9
48131,6.5
48133,20.1
48135,156.1
48137,0.9
48139,163.3
48141,810.5
48143,35.3
48145,23.4
48147,38.1
48149,26
48151,4.4
48153,6.4
48155,1.9
48157,704.5
48159,37.1
48161,22.4
48163,15.4
48165,12
48167,781.7
48169,7.3
48171,23.7
48173,1.4
48175,8.5
48177,18.7
48179,24.6
48181,130.2
48183,450.3
48185,34.1
48187,190.9
48189,36.3
48191,3.8
48193,10.1
48195,6.1
48197,6
48199,62
48201,2454.3
48203,73.7
48205,4.1
48207,6.6
48209,242
48211,4.4
48213,90.2
48215,507.9
48217,36.9
48219,25.2
48221,122.8
48223,46.1
48225,19.1
48227,39
48229,0.7
48231,103
48233,24.9
48235,1.5
48237,9.9
48239,16.9
48241,38.7
48243,1
48245,288.5
48247,4.6
48249,47.8
48251,210.8
48253,21.7
48255,20
48257,135
48259,52.5
48261,0.3
48263,0.9
48265,45.1
48267,3.7
48269,0.3
48271,2.7
48273,36.5
48275,4.4
48277,55.2
48279,13.9
48281,27.9
48283,4.7
48285,20
48287,26.5
48289,15.8
48291,65.8
48293,26.1
48295,3.6
48297,11
48299,20.5
48301,0.1
48303,317
48305,6.6
48307,7.8
48309,230
48311,0.6
48313,29.5
48315,27.6
48317,5.4
48319,4.3
48321,33.5
48323,43.3
48325,35
48327,2.5
48329,155.8
48331,24.3
48333,6.5
48335,10.3
48337,21.2
48339,452.8
48341,24.4
48343,51
48345,1.2
48347,69.2
48349,47.6
48351,15.5
48353,16.7
48355,409.4
48357,11.5
48359,1.4
48361,247.2
48363,29.5
48365,30
48367,131
48369,11.7
48371,3.3
48373,43.3
48375,134.6
48377,2
48379,48.2
48381,135.3
48383,2.9
48385,4.9
48387,12.3
48389,5.2
48391,9.5
48393,0.9
48395,19.6
48397,639.9
48399,10
48401,58.2
48403,21.9
48405,16.7
48407,47.1
48409,93.3
48411,5.3
48413,2.5
48415,18.7
48417,3.6
48419,32.4
48421,3.3
48423,231.6
48425,45.3
48427,50.5
48429,10.6
48431,1.3
48433,1.6
48435,2.8
48437,8.8
48439,2142
48441,145
48443,0.4
48445,14.3
48447,1.8
48449,80.3
48451,73.5
48453,1073.6
48455,21.1
48457,23.4
48459,68.3
48461,2.7
48463,17.1
48465,15.6
48467,62.6
48469,99.2
48471,86.8
48473,85.7
48475,12.8
48477,55.9
48479,76.3
48481,38
48483,6
48485,208.2
48487,13.8
48489,37.4
48491,395.9
48493,54.5
48495,8.5
48497,66.2
48499,65.3
48501,10
48503,20.2
48505,14.3
48507,9.1
49000,34.3
49001,2.5
49003,8.8
49005,98.5
49007,14.4
49009,1.7
49011,1043.6
49013,5.8
49015,2.5
49017,1
49019,2.5
49021,14.2
49023,3
49025,1.8
49027,1.9
49029,15.9
49031,2
49033,2.2
49035,1413.2
49037,1.9
49039,17.6
49041,11
49043,20.1
49045,8.5
49047,7.4
49049,264.8
49051,20.8
49053,58.4
49055,1.1
49057,406.9
50000,68
50001,47.9
50003,54.8
50005,48
50007,293.5
50009,9.5
50011,75.9
50013,84.7
50015,53.8
50017,42.2
50019,39.2
50021,65.9
50023,86.8
50025,56.4
50027,58.5
51000,205
51001,74.2
51003,139.5
51005,36.3
51007,36
51009,67.9
51011,45.1
51013,8316
51015,76.1
51017,8.8
51019,92
51021,19.1
51023,60.8
51025,30.4
51027,46.9
51029,29.8
51031,109.2
51033,54.4
51035,63.2
51036,39.6
51037,26.3
51041,756.6
51043,80.9
51045,15.5
51047,125.2
51049,33.5
51051,47.6
51053,55.4
51057,43.6
51059,2815.3
51061,102
51063,40.4
51065,91.1
51067,81.7
51069,192.7
51071,48.1
51073,169.4
51075,77.8
51077,34.7
51079,119.4
51081,41
51083,44.1
51085,214.2
51087,1328.4
51089,140.6
51091,5.5
51093,112
51095,478.8
51097,22.2
51099,134.5
51101,58.3
51103,84.7
51105,57.7
51107,631.2
51109,67.3
51111,29.8
51113,41.1
51115,104.3
51117,52.2
51119,83.3
51121,243.8
51125,32.1
51127,89.7
51131,58.5
51133,65.1
51135,50.4
51137,99.6
51139,77.1
51141,38.1
51143,64.9
51145,108
51147,66.7
51149,137.9
51153,1245.6
51155,108.2
51157,27.9
51159,48.1
51161,370.2
51163,37.4
51165,90.2
51167,60.7
51169,43.2
51171,83.1
51173,71
51175,30.7
51177,309.7
51179,491.3
51181,24.8
51183,24.7
51185,86.2
51187,177
51191,97.7
51193,76.7
51195,103.1
51197,63.2
51199,631.2
51510,9602.8
51515,898.7
51520,1364
51530,989.9
51540,4249.8
51550,660.4
51570,2319.2
51580,1086
51590,998.1
51595,851.6
51600,3614.1
51610,6379.4
51620,1046.6
51630,2460.8
51640,847.5
51650,2653
51660,2869
51670,2196.9
51678,2801.5
51680,1557.3
51683,3977.5
51685,6051.1
51690,1237.6
51700,2613.9
51710,4483.1
51720,541.9
51730,1409.7
51735,783.5
51740,2843.3
51750,1662.8
51760,3436.7
51770,2272.3
51775,1729
51790,1189.9
51800,212.2
51810,1777.8
51820,1417
51830,1601
51840,2879.7
53000,102.8
53001,9.9
53003,34.5
53005,106.3
53007,25.2
53009,41.3
53011,689.1
53013,4.7
53015,89.9
53017,21.4
53019,3.5
53021,67.2
53023,3.2
53025,34.1
53027,38.1
53029,378.9
53031,16.6
53033,931.1
53035,644.7
53037,18.1
53039,11.1
53041,31.6
53043,4.5
53045,63.6
53047,7.9
53049,22.4
53051,9.2
53053,483.9
53055,91.1
53057,68.2
53059,6.7
53061,346.1
53063,268.6
53065,17.6
53067,355.4
53069,15.2
53071,46.9
53073,96.7
53075,20.9
53077,57.5
54000,77.2
54001,48.4
54003,329.3
54005,48.7
54007,28.4
54009,267.3
54011,343.9
54013,27.4
54015,27.4
54017,25.6
54019,69.1
54021,25.7
54023,24.9
54025,35.1
54027,37.2
54029,370.1
54031,23.9
54033,166.9
54035,63
54037,258.7
54039,213.3
54041,42.7
54043,49.3
54045,80.3
54047,40.7
54049,183.3
54051,107.4
54053,63.4
54055,149.1
54057,86
54059,62.8
54061,273.6
54063,28.6
54065,76.5
54067,40.6
54069,418.1
54071,11
54073,58.5
54075,9.3
54077,52
54079,162
54081,130.7
54083,28.3
54085,22.8
54087,30.7
54089,38.5
54091,97.9
54093,16.8
54095,35.6
54097,68.6
54099,83.3
54101,16.5
54103,45.7
54105,24.8
54107,237.9
54109,46.9
55000,105.5
55001,32.1
55003,15.4
55005,53.2
55007,10.2
55009,474.6
55011,20.2
55013,18.9
55015,155.5
55017,62.3
55019,28.7
55021,74.3
55023,29.3
55025,414.3
55027,101.3
55029,57.7
55031,33.8
55033,51.7
55035,156.6
55037,9.1
55039,141.9
55041,9.1
55043,44.7
55045,63.2
55047,54.6
55049,30.9
55051,7.8
55053,20.8
55055,150.8
55057,34.8
55059,615.1
55061,60.1
55063,255.9
55065,26.5
55067,22.7
55069,32.5
55071,137.5
55073,87
55075,29.8
55077,33.9
55078,12.2
55079,3945.8
55081,50
55083,37.5
55085,32.2
55087,279.1
55089,371.4
55091,32
55093,71.2
55095,48.2
55097,87.5
55099,11.2
55101,587.6
55103,30.7
55105,222.9
55107,16
55109,117.6
55111,75
55113,13.2
55115,46.8
55117,225.2
55119,21.2
55121,39.6
55123,37.8
55125,25
55127,185.4
55129,20
55131,307.4
55133,711
55135,70.5
55137,39.2
55139,386
55141,94.3
56000,5.9
56001,8.6
56003,3.7
56005,9.7
56007,2
56009,3.2
56011,2.5
56013,4.4
56015,6.1
56017,2.4
56019,2.1
56021,34.5
56023,4.4
56025,14.3
56027,0.9
56029,4.1
56031,4.2
56033,11.6
56035,2.1
56037,4.2
56039,5.4
56041,10.1
56043,3.8
56045,3
72000,1082.6
72001,291.8
72003,1355.3
72005,1651.2
72007,950.6
72009,821.6
72011,745.3
72013,760.8
72015,1305.6
72017,1338.1
72019,887.6
72021,4640.7
72023,728.2
72025,2434.9
72027,755.8
72029,1462.6
72031,3864.2
72033,5742.7
72035,925.5
72037,462.9
72039,279.9
72041,1208.3
72043,523.6
72045,731.6
72047,871.7
72049,155.6
72051,1668.5
72053,1222.2
72054,833.6
72055,515.9
72057,697.7
72059,505.5
72061,3527.4
72063,1664
72065,1011.1
72067,1524.6
72069,1300.2
72071,825.8
72073,371
72075,840.7
72077,1533.1
72079,426.5
72081,491.8
72083,210.5
72085,1153.7
72087,1535.6
72089,777.2
72091,969.9
72093,170
72095,576.4
72097,1129.7
72099,795.6
72101,844.4
72103,523.6
72105,1110.3
72107,367.2
72109,409.1
72111,536.7
72113,1426.7
72115,1141.4
72117,1063.3
72119,895.9
72121,701.4
72123,446.6
72125,646.9
72127,8145
72129,771
72131,597.7
72133,687.4
72135,2780
72137,3820.8
72139,3587.4
72141,288.7
72143,1446.2
72145,1290.4
72147,184.2
72149,723
72151,682.2
72153,608.4
,
,
