id,below_poverty,total
0,39537240,293507923
1000,757833,4512909
1001,5103,49514
1003,20265,169938
1005,6673,26962
1007,2442,20527
1009,6156,56199
1011,3423,10606
1013,4360,19826
1015,19256,109760
1017,5507,34418
1019,3517,24013
1021,7208,41935
1023,3167,13893
1025,6799,26010
1027,2204,12429
1029,2340,14235
1031,7346,45684
1033,7557,54017
1035,3778,13021
1037,2090,10376
1039,6567,36236
1041,2969,13588
1043,13112,79069
1045,6494,45724
1047,13514,42223
1049,14165,67618
1051,9245,70330
1053,7906,34616
1055,16422,100933
1057,2797,17365
1059,5559,30169
1061,4039,25147
1063,2697,8643
1065,4612,17973
1067,2549,16381
1069,15259,95525
1071,9244,52337
1073,98494,647951
1075,2413,14138
1077,15602,86624
1079,4206,33832
1081,25347,125779
1083,9104,70958
1085,3240,12536
1087,5434,19386
1089,34509,304460
1091,5575,20864
1093,5195,28560
1095,17638,86845
1097,75849,397070
1099,5626,22531
1101,38126,214137
1103,17521,113488
1105,2327,9778
1107,5084,19395
1109,8437,29026
1111,4348,21807
1113,10717,49150
1115,8451,74812
1117,11594,181042
1119,5252,13060
1121,14551,76450
1123,6959,40240
1125,35104,171194
1127,11459,67873
1129,3357,16772
1131,4544,12442
1133,5429,23469
2000,64038,666059
2013,307,2949
2016,543,4485
2020,21466,274948
2050,3081,16884
2060,38,677
2068,68,1114
2070,905,4936
2090,7359,92259
2100,111,2424
2105,237,2021
2110,2014,30175
2122,5003,51692
2130,1217,13018
2150,1352,12805
2164,307,1388
2170,8300,80644
2180,2013,8694
2185,984,6646
2188,1421,7392
2195,382,3862
2198,729,5545
2220,577,8589
2230,98,1051
2240,756,6512
2261,772,9523
2270,2388,7524
2275,210,2137
2282,14,416
2290,1386,5749
4000,914040,6204965
4001,25109,68318
4003,19830,121616
4005,21265,122312
4007,9794,50802
4009,6073,32068
4011,1142,7691
4012,3879,19685
4013,508722,3809907
4015,29164,188738
4017,26686,108369
4019,152597,970166
4021,37948,273791
4023,9339,42288
4025,26118,206323
4027,36374,182891
5000,488788,2755680
5001,3388,18441
5003,4393,21637
5005,6178,40593
5007,23195,206527
5009,5663,35423
5011,4140,11856
5013,855,5411
5015,4924,26787
5017,4294,11355
5019,5298,20076
5021,3133,16028
5023,3933,24388
5025,1461,8630
5027,4484,22711
5029,3431,20493
5031,15389,87826
5033,11299,58500
5035,13432,51348
5037,3004,18428
5039,1545,7729
5041,4119,13737
5043,4128,17684
5045,15806,99643
5047,3584,17958
5049,2223,11349
5051,15005,94197
5053,1655,17323
5055,7075,39024
5057,5040,21704
5059,4342,30628
5061,3046,13994
5063,5905,33453
5065,2493,12416
5067,4333,14857
5069,16739,75335
5071,4791,23856
5073,1625,7674
5075,3785,15932
5077,2805,9265
5079,2765,11353
5081,2258,12558
5083,3868,22422
5085,7690,62663
5087,2677,15180
5089,2994,16443
5091,7546,41697
5093,11609,46088
5095,1915,8383
5097,1540,9011
5099,1961,9180
5101,1866,8278
5103,5156,25418
5105,1466,10279
5107,7498,21663
5109,1915,10686
5111,6006,24422
5113,3759,19674
5115,10323,57642
5117,1591,8556
5119,56807,368911
5121,3379,17716
5123,7052,22961
5125,9701,93542
5127,2853,10879
5129,1509,7797
5131,20334,119406
5133,3193,16284
5135,3535,17225
5137,2930,11781
5139,8714,42226
5141,2912,16211
5143,30508,186554
5145,11350,69182
5147,1979,7644
5149,3691,21549
6000,4694423,35543481
6001,156415,1429094
6003,134,1097
6005,3010,33765
6007,39004,212855
6009,4485,46066
6011,3221,20486
6013,86720,1003678
6015,4934,25442
6017,13392,174449
6019,182283,871458
6021,4960,27810
6023,22821,125575
6025,31850,150020
6027,1884,17305
6029,151301,741126
6031,24651,128825
6033,11938,63500
6035,3308,24023
6037,1486783,9627151
6039,24299,134971
6041,15358,239144
6043,1804,17824
6045,13780,84732
6047,50079,237470
6049,1388,8806
6051,1844,12925
6053,51393,386657
6055,12432,128755
6057,7745,96166
6059,282087,2935638
6061,20491,329928
6063,2232,20268
6065,245454,2001122
6067,177900,1349124
6069,6055,54520
6071,278582,1943897
6073,334712,2900201
6075,90917,788169
6077,99396,648216
6079,33444,246414
6081,50041,693972
6083,53455,387120
6085,145572,1698464
6087,31045,244952
6089,27131,176523
6091,219,3169
6093,6711,43559
6095,39005,393731
6097,43960,457247
6099,75144,496424
6101,11537,89817
6103,11672,58994
6105,2008,13319
6107,92452,409966
6109,5193,50054
6111,70801,782516
6113,31973,186101
6115,12018,68881
8000,563574,4737172
8001,54420,414975
8003,3914,14204
8005,60381,538287
8007,1867,12212
8009,557,3818
8011,1472,4641
8013,36499,285875
8014,2679,52746
8015,1883,15408
8017,237,1475
8019,549,8877
8021,1565,8018
8023,825,3269
8025,1056,4176
8027,626,3598
8029,3672,29673
8031,101918,572754
8033,322,1755
8035,7550,268208
8037,4730,50358
8039,960,22770
8041,59538,569710
8043,5659,35799
8045,4206,51932
8047,455,5145
8049,1100,13550
8051,1654,13936
8053,8,554
8055,1149,6855
8057,191,1305
8059,40764,521663
8061,148,1560
8063,989,7531
8065,1916,7837
8067,5049,48415
8069,38474,279937
8071,2498,15380
8073,765,4422
8075,2471,19353
8077,16638,136061
8079,40,1077
8081,1713,13513
8083,4209,24828
8085,4388,38929
8087,3667,26968
8089,4063,18304
8091,287,4519
8093,1008,16050
8095,474,4459
8097,1227,15292
8099,2845,12602
8101,24721,148344
8103,276,6090
8105,2036,11594
8107,1140,21984
8109,1808,6708
8111,62,686
8113,956,7365
8115,266,2123
8117,1344,25988
8119,1690,21238
8121,635,4623
8123,32335,236253
8125,1030,9593
9000,295608,3382564
9001,65652,871362
9003,86052,848613
9005,9895,185611
9007,9237,158226
9009,87206,817242
9011,17125,254726
9013,8884,134378
9015,11557,112406
10000,88505,839758
10001,18208,147420
10003,50398,510544
10005,19899,181794
11000,102142,558565
11001,102142,558565
12000,2346946,17811892
12001,54465,225966
12003,4235,23266
12005,19768,158264
12007,3881,24857
12009,51679,524894
12011,203653,1740522
12013,2334,11380
12015,14574,153202
12017,18398,135156
12019,14661,177866
12021,33446,309957
12023,10531,63385
12027,6786,32730
12029,2800,14300
12031,110442,829533
12033,43665,281202
12035,9327,84512
12037,2365,9936
12039,10732,43676
12041,2355,15999
12043,1804,10319
12045,2276,12991
12047,2196,11303
12049,6130,26720
12051,9814,37134
12053,18115,163500
12055,15787,96329
12057,154491,1147842
12059,3284,17298
12061,15898,130724
12063,8890,42036
12065,2692,13210
12067,1323,7336
12069,30395,294125
12071,59147,565371
12073,53788,250091
12075,7156,37533
12077,1458,6390
12079,3782,16892
12081,36015,308850
12083,43102,310948
12085,14420,135843
12086,404051,2397862
12087,7495,73037
12089,5746,67321
12091,18144,175051
12093,7137,38444
12095,132181,1044019
12097,33336,251449
12099,143498,1248550
12101,52203,447610
12103,103906,897102
12105,79452,552555
12107,16127,70919
12109,12805,172472
12111,30247,252294
12113,14811,143431
12115,35441,361600
12117,38222,405587
12119,9275,62379
12121,6814,37977
12123,4376,19142
12125,1970,11352
12127,62975,479430
12129,3630,27626
12131,6547,49857
12133,4497,21438
13000,1384518,9228265
13001,3966,17716
13003,2374,8115
13005,1340,10055
13007,867,3810
13009,8843,39131
13011,2430,16369
13013,8911,66041
13015,13417,91351
13017,4252,16906
13019,3566,16082
13021,32332,148399
13023,2281,11897
13025,2663,15303
13027,2614,15869
13029,2954,30033
13031,15874,61335
13033,5174,22170
13035,2689,21579
13037,1236,4642
13039,6128,45552
13043,2076,9956
13045,17441,107571
13047,6666,61495
13049,1748,9709
13051,36789,240664
13053,1616,9710
13055,4831,25217
13057,14215,199608
13059,34359,104059
13061,797,3035
13063,38358,264243
13065,1776,6889
13067,64305,682869
13069,8351,37723
13071,10006,43838
13073,7041,107224
13075,3397,16002
13077,11991,117184
13079,2788,12490
13081,6402,21593
13083,2347,15197
13085,2322,21167
13087,6062,27279
13089,110290,716209
13091,3805,17048
13093,2553,9292
13095,23294,92286
13097,13260,121543
13099,3111,11536
13101,1323,4157
13103,5310,50121
13105,4313,20461
13107,5369,21617
13109,2544,10840
13111,3014,22326
13113,4519,104491
13115,17169,91050
13117,8525,156987
13119,3689,21516
13121,147908,960205
13123,5988,27898
13125,456,2652
13127,11002,73270
13129,8042,50721
13131,5455,24632
13133,3292,15398
13135,72319,759619
13137,6622,37314
13139,23834,173156
13141,1741,8016
13143,5195,27606
13145,2876,28280
13147,4629,23508
13149,2022,11305
13151,13097,181579
13153,15723,128426
13155,3095,9646
13157,8524,58019
13159,2298,13485
13161,2932,13205
13163,4547,16058
13165,1725,8432
13167,2086,7723
13169,3861,26504
13171,3438,16403
13173,1503,7576
13175,10158,46384
13177,2586,31867
13179,10316,59108
13181,1828,7967
13183,1900,11097
13185,19446,97887
13187,3803,24637
13189,4645,21203
13191,1966,11242
13193,3539,11677
13195,4602,27281
13197,2021,7000
13199,3736,21504
13201,1046,5954
13205,4655,22338
13207,2758,23303
13209,1602,7927
13211,2571,17627
13213,6477,40306
13215,32042,171143
13217,10572,92160
13219,2168,31372
13221,2386,13917
13223,10351,125082
13225,5393,23449
13227,3264,29695
13229,3133,17478
13231,1760,16725
13233,6837,40617
13235,2071,8701
13237,2714,19806
13239,497,2637
13241,2616,16272
13243,1776,6819
13245,41537,185244
13247,9581,80371
13249,737,4129
13251,2582,14631
13253,1659,8880
13255,11933,62159
13257,3809,24214
13259,1048,4453
13261,7845,31278
13263,1771,6487
13265,654,1837
13267,4059,20729
13269,2913,8126
13271,2826,10242
13273,3071,9715
13275,9266,43730
13277,10202,41166
13279,7923,27193
13281,976,10136
13283,1950,6626
13285,11421,60931
13287,2190,8441
13289,1877,10245
13291,2687,20126
13293,5762,26960
13295,9459,62637
13297,9579,81187
13299,6915,33227
13301,1119,5787
13303,4744,18939
13305,4587,26505
13307,427,2203
13309,1284,5126
13311,4962,24414
13313,16751,91162
13315,1806,6862
13317,2353,10118
13319,2610,9597
13321,4515,21077
15000,117745,1250787
15001,22825,168775
15003,77934,878679
15005,3,78
15007,5910,62369
15009,11073,140886
16000,196121,1457590
16001,33834,358481
16003,402,3479
16005,11796,78558
16007,768,5852
16009,1360,9191
16011,6564,43105
16013,2308,21715
16015,931,7320
16017,5399,40163
16019,9804,94982
16021,1995,10664
16023,441,2760
16025,163,1027
16027,29174,172815
16029,575,6692
16031,3435,20926
16033,155,984
16035,874,7615
16037,492,4129
16039,3192,28009
16041,1755,12241
16043,1292,12495
16045,2040,15948
16047,2265,14286
16049,2723,14648
16051,2453,22791
16053,2435,19830
16055,14721,131607
16057,7685,33612
16059,1234,7722
16061,514,3616
16063,677,4472
16065,11977,34710
16067,2471,18392
16069,5372,37406
16071,587,4136
16073,2234,10910
16075,3109,22459
16077,1194,7689
16079,2198,12512
16081,683,8306
16083,10028,71024
16085,1391,8610
16087,1421,9701
17000,1549172,12451259
17001,8139,64031
17003,1917,7940
17005,2296,17573
17007,5084,51881
17009,604,4466
17011,3948,34318
17013,668,5061
17015,1717,15480
17017,1766,12684
17019,35488,172554
17021,4862,32492
17023,1932,16192
17025,2005,13531
17027,2827,33740
17029,9468,43389
17031,781017,5169821
17033,3174,18921
17035,1355,10676
17037,14323,94445
17039,1453,16105
17041,1481,19047
17043,48317,908911
17045,2462,18148
17047,689,6435
17049,3482,33763
17051,3696,20823
17053,1108,13190
17055,7068,38572
17057,4626,33892
17059,1009,5723
17061,1965,13487
17063,2727,46100
17065,934,8186
17067,2300,18460
17069,734,4318
17071,871,7409
17073,5203,48532
17075,2965,27787
17077,15412,52005
17079,954,9422
17081,6359,37609
17083,1795,21430
17085,2158,21754
17087,1521,10911
17089,43091,488092
17091,15826,107289
17093,3227,93247
17095,7556,47418
17097,46040,686154
17099,11719,110143
17101,2266,13877
17103,3100,33601
17105,3925,34195
17107,2513,23509
17109,5841,25931
17111,17334,311121
17113,20636,151849
17115,15923,105100
17117,5248,45889
17119,31368,258089
17121,6669,38830
17123,1172,12458
17125,2220,14839
17127,2191,14631
17129,1082,12189
17131,1217,16064
17133,1292,31946
17135,3783,26806
17137,5209,31899
17139,1662,13830
17141,4427,53903
17143,24615,176784
17145,2676,19756
17147,1171,16151
17149,2411,15919
17151,652,4071
17153,1771,6304
17155,639,5953
17157,3558,28367
17159,2459,15508
17161,17901,141847
17163,38887,256368
17165,4686,25081
17167,25222,190660
17169,856,6633
17171,413,5204
17173,2204,21194
17175,691,5904
17177,5933,46158
17179,10033,127322
17181,3899,17506
17183,14365,78883
17185,1699,12046
17187,2322,16015
17189,1619,14555
17191,2434,16445
17193,1986,14353
17195,6399,57897
17197,41864,655023
17199,10324,62405
17201,42935,290304
17203,2132,36530
18000,810520,6144219
18001,5301,33373
18003,41114,340853
18005,7254,73283
18007,854,8629
18009,1603,13056
18011,3318,52628
18013,1531,14552
18015,1954,19574
18017,4939,38165
18019,11957,103421
18021,3494,26007
18023,4378,33107
18025,2202,10629
18027,4324,29704
18029,3160,48954
18031,2485,24415
18033,3641,41106
18035,21040,107318
18037,3265,40239
18039,25157,194283
18041,4905,23964
18043,7567,72096
18045,2123,16711
18047,2542,22807
18049,2529,19615
18051,3540,31836
18053,11154,64615
18055,5184,32256
18057,11949,259925
18059,3836,64606
18061,3422,36387
18063,7239,130863
18065,5680,45030
18067,12780,80429
18069,4020,36710
18071,5076,41483
18073,2924,30746
18075,2871,20846
18077,4310,30598
18079,3330,27764
18081,9916,132151
18083,6192,35702
18085,7103,74940
18087,5023,36624
18089,80108,484680
18091,12968,103432
18093,7031,45278
18095,16428,125335
18097,142361,857929
18099,5073,46121
18101,1289,10004
18103,5583,35185
18105,28273,113987
18107,3786,36534
18109,6122,69566
18111,1091,13701
18113,5070,46760
18115,440,5861
18117,4021,19060
18119,2731,21844
18121,2876,15014
18123,1854,17333
18125,1733,11999
18127,14293,156330
18129,2141,25905
18131,2098,13393
18133,3117,32610
18135,3143,25490
18137,2967,27013
18139,1952,16987
18141,34787,253429
18143,3665,23303
18145,4397,43338
18147,2267,19816
18149,3309,23202
18151,3864,32449
18153,2528,19048
18155,1260,9427
18157,30523,148000
18159,972,15547
18161,891,7069
18163,24957,167567
18165,2078,15552
18167,19063,96593
18169,3718,30854
18171,890,8244
18173,3596,56131
18175,4494,27448
18177,9863,66080
18179,2013,26770
18181,2455,23025
18183,2195,31976
19000,326922,2875698
19001,842,7482
19003,355,4020
19005,1532,13884
19007,2159,12826
19009,663,5949
19011,2105,26277
19013,20315,121070
19015,3030,25551
19017,1756,22241
19019,2211,20361
19021,2165,18428
19023,1542,14247
19025,1051,9187
19027,2055,20297
19029,2063,13323
19031,1366,17757
19033,4468,42687
19035,550,11463
19037,1157,12013
19039,948,8871
19041,1302,16208
19043,1940,17144
19045,5118,48535
19047,1817,16109
19049,3676,56595
19051,623,8417
19053,1413,7357
19055,1511,17270
19057,5221,40330
19059,1410,16200
19061,7279,87916
19063,1029,9674
19065,2572,19759
19067,2138,15721
19069,1076,10303
19071,712,7283
19073,761,9379
19075,781,12046
19077,850,10668
19079,1350,15208
19081,974,11090
19083,1938,16500
19085,1689,14960
19087,2614,19593
19089,1041,9107
19091,1100,9366
19093,622,6810
19095,1228,15396
19097,2208,19535
19099,3866,34233
19101,2477,14853
19103,22259,117330
19105,1838,18674
19107,1019,10482
19109,1319,15239
19111,4374,33257
19113,20232,199319
19115,1385,11254
19117,1275,9272
19119,619,10763
19121,1076,14847
19123,2424,21295
19125,2410,31050
19127,4713,37383
19129,1625,14774
19131,748,10460
19133,1123,8856
19135,1055,7502
19137,1489,10581
19139,5028,41817
19141,1193,13720
19143,605,6474
19145,1544,13564
19147,1080,8930
19149,1216,24191
19151,645,7228
19153,38349,407671
19155,9853,86936
19157,1567,16487
19159,597,4862
19161,1124,10049
19163,19106,159654
19165,899,11837
19167,1894,29709
19169,15431,77067
19171,1689,17021
19173,726,6395
19175,1851,11917
19177,1069,7300
19179,5191,34902
19181,2782,42253
19183,2779,20838
19185,814,6291
19187,5131,37472
19189,1074,10399
19191,1489,18610
19193,14192,98017
19195,663,7506
19197,1689,12744
20000,328843,2692061
20001,1698,12953
20003,1168,7758
20005,1945,15687
20007,548,4554
20009,3596,27300
20011,2058,14540
20013,1587,9839
20015,5104,60958
20017,330,2851
20019,414,3568
20021,3476,20885
20023,327,2759
20025,251,2123
20027,582,8223
20029,1262,8743
20031,1040,7998
20033,180,1729
20035,4756,32324
20037,7461,37310
20039,461,2912
20041,1561,18727
20043,976,7391
20045,21680,104968
20047,481,2980
20049,595,2926
20051,3634,25618
20053,499,5690
20055,5743,40176
20057,5395,32217
20059,2042,25601
20061,3402,29527
20063,194,2582
20065,287,2566
20067,763,7164
20069,661,5845
20071,44,1173
20073,927,6912
20075,311,2441
20077,599,5650
20079,2607,31816
20081,576,4020
20083,163,1943
20085,1286,12916
20087,1257,18185
20089,344,3153
20091,27083,518813
20093,677,4155
20095,878,7460
20097,182,2359
20099,3396,21032
20101,283,1644
20103,5262,67284
20105,314,3160
20107,855,9473
20109,403,2631
20111,7395,32936
20113,2323,27026
20115,1200,10956
20117,868,9876
20119,554,4425
20121,2169,29824
20123,569,6207
20125,5228,33551
20127,660,5808
20129,234,2901
20131,743,9209
20133,2209,14378
20135,275,2821
20137,370,4459
20139,1836,16331
20141,513,3763
20143,475,5812
20145,679,5674
20147,527,5080
20149,1329,19181
20151,987,8363
20153,349,2516
20155,7174,58825
20157,456,4727
20159,1199,9733
20161,16186,62249
20163,681,5052
20165,416,3167
20167,998,6659
20169,6320,52717
20171,269,4648
20173,61683,469614
20175,3776,21778
20177,23683,170831
20179,338,2323
20181,784,5702
20183,330,3782
20185,685,4352
20187,165,1906
20189,594,4794
20191,2609,23438
20193,902,6783
20195,233,2843
20197,565,6785
20199,213,1401
20201,677,5679
20203,250,2163
20205,1322,9238
20207,686,3302
20209,30553,151261
21000,719746,4125581
21001,3607,17001
21003,3268,18391
21005,1918,20813
21007,1133,8122
21009,8042,40252
21011,2995,11338
21013,9080,27715
21015,7321,111140
21017,3762,19179
21019,8605,46219
21021,4736,26189
21023,1643,8586
21025,4796,15406
21027,3648,18569
21029,6929,73064
21031,2293,13052
21033,2004,12751
21035,6449,32980
21037,8682,83723
21039,866,5086
21041,1697,10369
21043,5243,25830
21045,4383,15804
21047,14099,73131
21049,5799,35248
21051,7128,22648
21053,2788,9381
21055,1404,8818
21057,1698,6832
21059,13210,90781
21061,2329,11580
21063,2453,7374
21065,4133,14816
21067,46861,276201
21069,3065,14413
21071,11131,40938
21073,6213,47221
21075,1846,6621
21077,1972,7630
21079,2876,16681
21081,3991,24896
21083,7271,36611
21085,5603,25104
21087,1873,11291
21089,5779,37129
21091,1347,8452
21093,11638,92807
21095,9240,30709
21097,3341,18409
21099,4350,17849
21101,6203,44357
21103,2713,15594
21105,635,4700
21107,8114,45709
21109,3913,13287
21111,101563,696990
21113,6110,43886
21115,5096,23487
21117,16847,154450
21119,4128,16401
21121,11571,31440
21123,1808,13310
21125,10761,56250
21127,4944,16291
21129,2141,6540
21131,2723,11573
21133,6588,23632
21135,3443,13713
21137,4651,24817
21139,974,9541
21141,4540,26813
21143,1042,6647
21145,10079,63843
21147,6325,16954
21149,1648,9297
21151,14715,74890
21153,4424,12939
21155,3821,18132
21157,3790,30605
21159,5072,12932
21161,3210,16052
21163,3889,27084
21165,1251,6599
21167,2616,21699
21169,1913,9870
21171,3145,11420
21173,5177,24776
21175,2848,12417
21177,6204,30077
21179,5031,41859
21181,1722,6699
21183,4153,22828
21185,2817,52211
21187,1275,11260
21189,1914,4648
21191,2868,14874
21193,7819,28706
21195,14417,64433
21197,3405,13354
21199,11733,58924
21201,550,2218
21203,5177,16305
21205,5524,20136
21207,3917,17023
21209,4847,40919
21211,4651,38708
21213,2403,16516
21215,1758,16402
21217,4847,23269
21219,2121,11825
21221,2037,13201
21223,1586,8696
21225,3045,14754
21227,17677,98852
21229,2013,11227
21231,4905,20376
21233,2286,13466
21235,10576,36413
21237,2900,6927
21239,2599,24388
22000,789634,4285810
22001,12605,58892
22003,4034,21753
22005,10402,97876
22007,4554,22872
22009,9641,38914
22011,4400,33556
22013,3605,14353
22015,14884,105388
22017,51725,244805
22019,29943,181767
22021,1986,9987
22023,616,7588
22025,2548,9859
22027,4070,14995
22029,6070,18206
22031,5558,25737
22033,81325,416315
22035,3052,6829
22037,4138,18823
22039,7920,33584
22041,5596,18951
22043,2803,18439
22045,15005,72843
22047,5438,28731
22049,2180,14919
22051,59634,433392
22053,5222,30729
22055,31035,199732
22057,14031,90934
22059,2126,13277
22061,10777,37504
22063,13893,115653
22065,2733,10053
22067,7869,27856
22069,11632,37969
22071,74361,317912
22073,31636,146092
22075,2354,22232
22077,4876,22058
22079,23281,127909
22081,2143,8701
22083,4180,19263
22085,4716,23467
22087,7050,38020
22089,6519,50180
22091,2003,10435
22093,2782,21017
22095,6641,46310
22097,26394,89289
22099,7995,49573
22101,10903,50645
22103,22942,222834
22105,24743,112698
22107,1364,5365
22109,18115,107012
22111,4885,22393
22113,10092,54573
22115,7497,45078
22117,10598,43276
22119,8338,39642
22121,3203,21875
22123,2195,9957
22125,1102,10770
22127,3676,14153
23000,161582,1279612
23001,15839,102331
23003,11848,70135
23005,27855,267554
23007,4814,28243
23009,5496,51478
23011,15112,117240
23013,4937,40183
23015,3625,34286
23017,7514,55229
23019,20742,140754
23021,2805,17046
23023,3143,36211
23025,9270,50467
23027,5625,37641
23029,6137,32019
23031,16820,198795
24000,449770,5496430
24001,9272,65315
24003,25797,494919
24005,60047,767755
24009,4206,87156
24011,3407,31954
24013,8183,165099
24015,7721,97550
24017,7536,139065
24019,4134,31054
24021,10498,218738
24023,3784,29065
24025,12896,236750
24027,10982,271556
24029,2369,18957
24031,49830,937029
24033,60237,812875
24035,2662,45966
24037,7341,97169
24039,3506,19323
24041,2192,35633
24043,13419,138038
24045,11032,89099
24047,4763,48689
24510,123956,617676
25000,633667,6283288
25001,14124,218388
25003,14274,124991
25005,56875,530074
25007,1258,15654
25009,72181,720533
25011,8564,70506
25013,75120,452454
25015,15281,133326
25017,105892,1428959
25019,789,10767
25021,38113,638611
25023,31443,475968
25025,128504,695288
25027,71249,767769
26000,1417380,9800094
26001,1683,11306
26003,1107,8107
26005,11933,111649
26007,4521,29387
26009,3395,23520
26011,2723,15595
26013,938,7652
26015,4953,58327
26017,12353,106564
26019,1873,17007
26021,26307,157246
26023,6579,41949
26025,21664,133642
26027,6971,50047
26029,2845,25581
26031,4146,26265
26033,5537,33600
26035,5809,30092
26037,5077,69031
26039,2293,13372
26041,4404,36853
26043,2823,26371
26045,9095,105234
26047,2839,32753
26049,74168,427908
26051,5028,25791
26053,2644,14824
26055,7461,82400
26057,6087,37941
26059,6824,44525
26061,7213,31867
26063,4170,32821
26065,51487,259306
26067,8319,58206
26069,3665,25713
26071,1574,11491
26073,17501,60412
26075,20893,151994
26077,42696,237046
26079,2720,16283
26081,77444,590865
26083,436,2207
26085,2082,10841
26087,8320,89205
26089,1846,21599
26091,11780,97630
26093,11039,180851
26095,978,5276
26097,1327,10705
26099,72474,817350
26101,2938,23236
26103,8802,61503
26105,4337,28393
26107,7286,36425
26109,2766,23570
26111,9448,80546
26113,2468,14898
26115,13157,151499
26117,10969,61521
26119,1747,10073
26121,28231,168554
26123,7685,48281
26125,97207,1191844
26127,5367,27441
26129,3774,21018
26131,806,6899
26133,4185,22801
26135,1633,8815
26137,3179,23276
26139,18700,250607
26141,1649,13694
26143,5344,24945
26145,37449,197815
26147,18988,166965
26149,9072,61201
26151,6078,42699
26153,1416,8100
26155,8997,70574
26157,8404,55213
26159,12744,76979
26161,47085,322504
26163,418275,1950685
26165,5150,31313
27000,506233,5056956
27001,2163,15578
27003,19283,322461
27005,3047,31077
27007,7719,41700
27009,4693,38450
27011,658,5330
27013,10668,56682
27015,2215,24518
27017,3515,32384
27019,4273,87760
27021,3947,28252
27023,1195,12088
27025,3487,47322
27027,6600,50790
27029,1228,7918
27031,513,5395
27033,1099,11192
27035,6422,60557
27037,19728,386833
27039,1162,19340
27041,4001,35282
27043,1940,14395
27045,2430,20442
27047,2617,30276
27049,3500,44960
27051,734,5746
27053,124070,1112524
27055,1720,19090
27057,2254,18524
27059,3268,37877
27061,5181,43120
27063,1110,10691
27065,1923,16010
27067,3791,39486
27069,249,4403
27071,1794,13354
27073,634,6829
27075,1362,10684
27077,716,4068
27079,1932,27213
27081,539,5804
27083,2537,23461
27085,2788,35973
27087,1005,4893
27089,959,9247
27091,1750,20238
27093,2048,22569
27095,2993,25004
27097,4147,32067
27099,5094,37659
27101,706,8003
27103,3873,29918
27105,3741,19922
27107,860,6522
27109,10320,137063
27111,7011,55671
27113,1624,13739
27115,3645,26882
27117,1019,9258
27119,3950,29354
27121,979,10752
27123,68820,485357
27125,302,3926
27127,1657,15109
27129,1741,15779
27131,5074,55076
27133,747,9276
27135,1510,15543
27137,27378,188064
27139,4498,124656
27141,5405,83042
27143,1459,14910
27145,16893,136865
27147,2187,36023
27149,1247,8542
27151,933,9759
27153,3139,23496
27155,419,3543
27157,1692,21718
27159,2163,12915
27161,1355,18324
27163,10463,223230
27165,1455,10877
27167,488,6018
27169,7297,45311
27171,6409,115122
27173,1073,9875
28000,604204,2821414
28001,8695,30898
28003,5971,35137
28005,3543,13274
28007,4537,19256
28009,2150,7978
28011,13593,35876
28013,3105,14366
28015,2308,9898
28017,4628,18457
28019,2070,9095
28021,3761,9752
28023,3774,17103
28025,4956,20588
28027,9676,26899
28029,6674,28018
28031,5183,20141
28033,13921,147639
28035,19322,74783
28037,1961,8277
28039,2630,20883
28041,2052,11052
28043,5392,21794
28045,5819,40580
28047,26031,175327
28049,53882,239273
28051,8413,19686
28053,3855,9891
28055,833,1952
28057,3220,21921
28059,19311,130099
28061,3858,17793
28063,2709,8259
28065,3581,12339
28067,15723,65316
28069,2211,9003
28071,9334,36971
28073,6484,46911
28075,16184,71524
28077,2609,12955
28079,4319,21618
28081,15085,78672
28083,14053,33807
28085,6861,33539
28087,12023,56445
28089,12240,87557
28091,6409,24753
28093,7808,34576
28095,7579,36186
28097,3009,11412
28099,6323,28908
28101,3871,21062
28103,3779,11698
28105,13718,41163
28107,9942,35076
28109,11779,54628
28111,2648,12087
28113,10549,37617
28115,4643,28471
28117,5392,24844
28119,2878,8539
28121,13106,132628
28123,7069,28484
28125,1727,5181
28127,6412,27202
28129,2953,15877
28131,2417,13312
28133,9175,26247
28135,4138,12423
28137,4514,25690
28139,5011,20799
28141,4193,18908
28143,3006,9773
28145,4783,26879
28147,3529,15185
28149,9208,47526
28151,18315,55105
28153,4794,20423
28155,2458,9291
28157,2725,8895
28159,4092,19284
28161,3738,13298
28163,7974,25382
29000,784278,5732785
29001,6330,22216
29003,1347,16498
29005,811,5951
29007,3717,23553
29009,6212,35193
29011,1853,12577
29013,2839,16555
29015,3257,18122
29017,2079,11858
29019,26176,143412
29021,11607,83818
29023,8587,39768
29025,1381,8878
29027,4102,39352
29029,4555,39163
29031,10370,69076
29033,1457,9797
29035,1506,5879
29037,7775,96084
29039,2729,13660
29041,1130,7430
29043,6160,72084
29045,873,7122
29047,16195,214513
29049,1690,20209
29051,6622,69982
29053,1993,15919
29055,3732,23276
29057,1293,7459
29059,2708,16344
29061,1184,7967
29063,876,9672
29065,2743,14853
29067,2716,13270
29069,6998,29648
29071,9859,98740
29073,1871,15071
29075,979,6102
29077,38047,250578
29079,1484,9909
29081,1622,8725
29083,3601,21851
29085,1381,8927
29087,686,4884
29089,1424,9184
29091,7735,38185
29093,2348,9571
29095,101509,680395
29097,20602,111756
29099,19874,213652
29101,7786,48661
29103,662,3837
29105,5498,34397
29107,3487,31538
29109,5936,36852
29111,1547,9152
29113,5149,50228
29115,2014,12730
29117,2998,13411
29119,3988,22773
29121,2422,14548
29123,2108,11964
29125,1196,8787
29127,4567,27149
29129,487,3394
29131,3518,24303
29133,3610,12936
29135,1485,13824
29137,1052,8851
29139,1584,11657
29141,3097,19839
29143,3955,17687
29145,8391,54519
29147,4532,19683
29149,2637,10184
29151,1459,13385
29153,1578,9328
29155,5769,18256
29157,1677,18447
29159,6197,40022
29161,7722,38830
29163,2063,16287
29165,5845,86338
29167,6066,28208
29169,4911,36841
29171,970,4874
29173,976,9629
29175,4528,22659
29177,2159,23243
29179,1091,6141
29181,3335,13354
29183,15429,336983
29185,1536,9248
29186,1859,17247
29187,8533,56016
29189,89170,973710
29195,3371,21219
29197,806,4088
29199,1117,4625
29201,7861,40312
29203,2212,8300
29205,915,6222
29207,5259,28809
29209,4506,30804
29211,1500,6707
29213,5920,44088
29215,4499,22889
29217,4493,19565
29219,3573,29763
29221,4748,22933
29223,2627,12419
29225,6571,34750
29227,256,1984
29229,4605,17613
29510,84235,345057
30000,136969,931923
30001,1223,8657
30003,2875,12422
30005,1751,6337
30007,585,4354
30009,924,9567
30011,141,1246
30013,10865,79691
30015,932,5185
30017,1695,10745
30019,230,1464
30021,763,7533
30023,1850,8787
30025,177,2657
30027,1831,10746
30029,9922,85640
30031,11680,82972
30033,128,1135
30035,3204,13328
30037,109,857
30039,425,2852
30041,2597,15977
30043,1079,11061
30045,213,2077
30047,5971,28072
30049,6117,58544
30051,477,2090
30053,3081,18415
30055,172,1747
30057,935,7140
30059,272,1609
30061,658,3878
30063,18770,102905
30065,779,4386
30067,2061,15815
30069,75,512
30071,568,3592
30073,1386,5882
30075,166,1655
30077,714,5568
30079,148,994
30081,5768,39407
30083,1441,8893
30085,2541,10209
30087,2062,8917
30089,2405,10688
30091,486,3429
30093,5036,31864
30095,751,8475
30097,518,3580
30099,782,6009
30101,669,4442
30103,73,908
30105,884,6764
30107,366,2018
30109,175,909
30111,15463,137317
30113,0,0
31000,201851,1717135
31001,4270,32040
31003,793,6391
31005,18,364
31007,144,824
31009,36,471
31011,397,5362
31013,1324,10870
31015,191,2110
31017,560,2875
31019,6365,42326
31021,604,6798
31023,776,8255
31025,1278,25161
31027,833,8294
31029,412,3590
31031,480,5679
31033,1024,9699
31035,686,6118
31037,1082,9849
31039,1101,9241
31041,1036,10364
31043,2864,19783
31045,2149,7839
31047,3626,24182
31049,272,1972
31051,627,6123
31053,4194,34715
31055,63153,487741
31057,162,1845
31059,567,5510
31061,492,2995
31063,260,2642
31065,628,4657
31067,2737,22387
31069,236,1638
31071,183,1886
31073,197,1828
31075,112,603
31077,300,2137
31079,6171,54418
31081,670,9277
31083,398,3317
31085,82,1044
31087,367,2837
31089,1020,9917
31091,67,651
31093,817,6427
31095,899,7454
31097,502,4205
31099,609,6540
31101,737,7618
31103,170,863
31105,394,3628
31107,1247,8334
31109,34414,260594
31111,3280,34527
31113,35,715
31115,60,550
31117,38,491
31119,3956,33097
31121,561,7646
31123,766,4951
31125,364,3182
31127,863,6470
31129,823,4469
31131,1810,14833
31133,286,2563
31135,117,2753
31137,944,8817
31139,703,6823
31141,2473,31536
31143,397,5147
31145,926,10102
31147,1046,8339
31149,204,1484
31151,1233,12588
31153,8662,144462
31155,1335,19699
31157,5681,35266
31159,1409,15820
31161,810,5123
31163,376,2946
31165,126,1211
31167,702,6322
31169,756,5035
31171,65,662
31173,1900,7071
31175,653,4140
31177,905,19155
31179,1247,8151
31181,478,3046
31183,63,741
31185,1065,12914
32000,278516,2509251
32001,2107,24291
32003,195620,1796913
32005,3535,45144
32007,3918,45973
32009,58,842
32011,67,1387
32013,2361,17513
32015,768,4801
32017,707,4224
32019,5661,49833
32021,962,4602
32023,6902,42517
32027,558,4591
32029,264,4225
32031,47137,399206
32033,1222,8821
32510,6669,54368
33000,98780,1276098
33001,5469,60101
33003,4311,47101
33005,6430,72450
33007,3633,30818
33009,7549,79633
33011,29040,393307
33013,10968,141566
33015,13518,294215
33017,13563,115034
33019,4299,41873
34000,745925,8471001
34001,27304,257853
34003,49563,878179
34005,22374,433056
34007,57972,508264
34009,8691,94601
34011,21813,144828
34013,109154,750838
34015,20212,279700
34017,86510,586290
34019,4536,126255
34021,33137,350913
34023,57461,757534
34025,38811,634482
34027,16675,478040
34029,44237,556897
34031,71664,477822
34033,6390,65189
34035,10928,317792
34037,7025,149441
34039,44631,515230
34041,6837,107797
35000,347165,1922439
35001,93466,616889
35003,398,3391
35005,12794,60224
35006,5632,25006
35007,2311,12896
35009,8536,43556
35011,436,1934
35013,47117,191498
35015,7587,50240
35017,4351,29018
35019,1104,3560
35021,153,655
35023,1039,5001
35025,9561,55226
35027,2832,20551
35028,586,18321
35029,8826,26386
35031,23577,70042
35033,653,5020
35035,11772,62302
35037,1495,8884
35039,8094,40217
35041,4470,18010
35043,12680,115869
35045,21899,120638
35047,6583,26748
35049,18866,140871
35051,3126,12324
35053,5143,17656
35055,5777,31188
35057,3002,15436
35059,489,3755
35061,12810,69127
36000,2615897,18892662
36001,35309,283609
36003,7515,44716
36005,374468,1340459
36007,27872,186015
36009,12105,77108
36011,9189,74119
36013,20794,127670
36015,12985,82194
36017,6228,49801
36019,9740,74186
36021,5457,57699
36023,6540,45221
36025,6781,44805
36027,21920,274247
36029,123150,888151
36031,4470,35190
36033,6583,43281
36035,8841,53343
36037,6323,57151
36039,5421,45012
36041,632,4996
36043,7299,61041
36045,16626,113653
36047,547902,2515700
36049,4149,25900
36051,6959,56585
36053,6249,64301
36055,92231,705244
36057,7366,47952
36059,63494,1332173
36061,273172,1577540
36063,25748,210113
36065,31407,216276
36067,58176,439452
36069,8073,100799
36071,42309,361610
36073,4982,39166
36075,17710,115707
36077,8941,58859
36079,6490,98155
36081,273715,2256261
36083,16654,150589
36085,47392,473401
36087,32092,290066
36089,15981,96183
36091,13704,212170
36093,15826,146086
36095,3261,29700
36097,1823,18389
36099,4192,31303
36101,13156,95431
36103,79463,1481348
36105,10684,72633
36107,4979,49783
36109,17821,88186
36111,20248,173860
36113,6506,63923
36115,6972,58454
36117,9882,90028
36119,73065,925712
36121,3896,37042
36123,2979,22915
37000,1320816,8768580
37001,21310,140792
37003,5371,36212
37005,2885,10905
37007,4709,22548
37009,4164,24932
37011,2115,16085
37013,7424,45333
37015,4214,18709
37017,8061,31580
37019,12055,97342
37021,30236,219288
37023,14660,86530
37025,17461,159879
37027,12242,77786
37029,697,9321
37031,7279,62478
37033,4539,21672
37035,18678,152526
37037,7273,60513
37039,3768,25753
37041,2677,14382
37043,1778,9756
37045,17828,95407
37047,11966,52825
37049,13498,90477
37051,49246,291412
37053,1952,23605
37055,3185,33512
37057,21692,153749
37059,4369,39920
37061,11999,51297
37063,35936,243141
37065,12200,50206
37067,49451,337173
37069,8110,55411
37071,29918,198877
37073,2042,11173
37075,1659,7786
37077,6222,52138
37079,3598,18426
37081,69426,449684
37083,13437,53744
37085,17151,103772
37087,7025,55503
37089,11834,97707
37091,4979,21161
37093,8291,40776
37095,604,3723
37097,18877,148537
37099,6478,32292
37101,22053,155202
37103,1798,9956
37105,8452,57155
37107,12999,55446
37109,9485,71384
37111,6495,42653
37113,4505,31373
37115,3244,19220
37117,5531,23114
37119,96021,845380
37121,2562,15546
37123,6327,26658
37125,10046,83125
37127,13646,91060
37129,26855,184707
37131,4741,20138
37133,19570,137235
37135,18639,115893
37137,1635,11858
37139,6187,37875
37141,7466,48089
37143,2290,12314
37145,5596,36367
37147,35094,146602
37149,2494,18652
37151,23221,137628
37153,11351,44733
37155,37469,124635
37157,13574,90682
37159,19837,133105
37161,11040,61314
37163,12801,62315
37165,9839,34667
37167,7518,56759
37169,4912,45183
37171,11946,71227
37173,2963,13025
37175,4626,29707
37177,655,3289
37179,18043,180121
37181,12141,42566
37183,75518,807041
37185,5102,19226
37187,3257,12620
37189,8843,39294
37191,19864,109230
37193,12253,65449
37195,15171,74996
37197,5313,36900
37199,3259,18110
38000,75114,613140
38001,281,2099
38003,1140,10535
38005,2286,6793
38007,75,905
38009,798,5845
38011,213,2810
38013,177,2022
38015,6608,74766
38017,16877,131450
38019,331,3831
38021,579,5061
38023,242,1776
38025,285,3219
38027,339,2399
38029,497,3458
38031,232,3346
38033,211,1527
38035,10863,62418
38037,256,2329
38039,300,2235
38041,272,2394
38043,468,2253
38045,317,4072
38047,155,1728
38049,702,5253
38051,270,2521
38053,682,5550
38055,818,8168
38057,529,7748
38059,2127,25453
38061,1189,6331
38063,263,3107
38065,157,1607
38067,634,7242
38069,444,3594
38071,1077,10755
38073,519,5371
38075,177,2281
38077,1869,15294
38079,3828,13421
38081,316,4045
38083,273,1313
38085,1854,4097
38087,105,703
38089,2201,21476
38091,91,1926
38093,2330,18920
38095,209,2273
38097,687,7721
38099,1141,10818
38101,4327,54018
38103,580,4111
38105,1913,18752
39000,1526350,11194344
39001,6436,28024
39003,15463,100675
39005,7868,51810
39007,15788,98021
39009,17591,53648
39011,3179,45733
39013,9757,63514
39015,5805,43216
39017,43629,343652
39019,3484,28265
39021,4490,38856
39023,20257,136411
39025,17571,191441
39027,5434,41966
39029,15894,104508
39031,4985,35766
39033,5177,43564
39035,208730,1269094
39037,4999,51450
39039,4748,37862
39041,6997,157007
39043,9131,75529
39045,12892,138036
39047,4894,27642
39049,173938,1101487
39051,3992,41886
39053,6878,29894
39055,7059,97062
39057,16033,148388
39059,6843,39788
39061,118316,831100
39063,8340,71724
39065,4548,29397
39067,2880,15082
39069,2402,27372
39071,6174,41555
39073,4329,27950
39075,4447,40577
39077,8248,58986
39079,6785,33173
39081,11597,66048
39083,6215,55337
39085,17823,232220
39087,12450,61893
39089,16110,151978
39091,6074,46176
39093,36822,292559
39095,78683,455275
39097,3461,36543
39099,39176,234133
39101,10063,60815
39103,9943,168488
39105,4213,22782
39107,3227,40385
39109,8376,99288
39111,2470,14003
39113,80263,522132
39115,2812,14469
39117,3276,33879
39119,13170,83214
39121,1747,11546
39123,3638,40767
39125,1777,18949
39127,5744,34771
39129,5697,48843
39131,6360,27169
39133,18936,147982
39135,3486,41065
39137,2374,34205
39139,14419,118619
39141,11073,69234
39143,5983,59724
39145,16156,73255
39147,6173,54462
39149,5490,47864
39151,45569,369482
39153,69673,536535
39155,29322,208851
39157,10162,89823
39159,2760,44638
39161,2092,28244
39163,2616,13090
39165,11938,196155
39167,8804,59917
39169,10946,111069
39171,4312,37026
39173,14581,116206
39175,1887,22125
40000,572111,3490387
40001,5623,21615
40003,514,4644
40005,2618,12651
40007,635,5225
40009,3176,19580
40011,1755,11051
40013,8288,37276
40015,5896,27404
40017,7728,99532
40019,7500,46175
40021,11608,43372
40023,3726,14428
40025,504,2652
40027,26802,225182
40029,1224,5672
40031,17547,100915
40033,922,6088
40035,2742,14352
40037,9809,68045
40039,5112,24260
40041,7529,39280
40043,582,4054
40045,485,3815
40047,9285,55533
40049,4397,25968
40051,8120,49642
40053,527,4465
40055,633,4181
40057,763,2702
40059,373,3237
40061,2106,11803
40063,2796,12590
40065,4861,24597
40067,1061,6168
40069,1841,8955
40071,8282,45101
40073,1530,14200
40075,1566,8935
40077,1538,9838
40079,10238,47573
40081,4946,31799
40083,5806,36417
40085,1219,8785
40087,3435,31468
40089,8833,32364
40091,4429,19137
40093,771,7133
40095,1879,14504
40097,6300,39291
40099,1880,12408
40101,12777,66911
40103,1489,10842
40105,2046,10553
40107,2387,10079
40109,116192,687063
40111,8234,38426
40113,5646,43299
40115,5324,30521
40117,3018,16181
40119,17991,72350
40121,6659,41488
40123,7174,35235
40125,11517,66121
40127,2818,11280
40129,384,3310
40131,7542,81643
40133,5545,23427
40135,8933,40506
40137,5699,42286
40139,3300,20041
40141,1630,7951
40143,84585,572757
40145,7632,66627
40147,6878,48777
40149,1930,11504
40151,971,6987
40153,2070,18160
41000,496433,3649549
41001,3080,15861
41003,14466,75645
41005,33205,374112
41007,4505,35679
41009,4284,48334
41011,10294,62558
41013,3037,22342
41015,2933,21423
41017,13409,150998
41019,14030,102736
41021,175,1619
41023,995,6899
41025,992,6634
41027,2386,21234
41029,27224,195399
41031,3315,19593
41033,13810,79830
41035,11459,65051
41037,1195,6765
41039,54248,334105
41041,7803,45060
41043,16552,110872
41045,4788,27793
41047,46085,299134
41049,1909,11334
41051,106122,683146
41053,9458,73247
41055,372,1768
41057,3739,24343
41059,10464,67363
41061,3738,24725
41063,714,6685
41065,3656,23088
41067,50091,512041
41069,204,1346
41071,11696,90787
42000,1462191,12081192
42001,6792,96408
42003,149823,1189045
42005,7803,67520
42007,17909,169432
42009,6963,49078
42011,45733,387200
42013,16097,122054
42015,8974,60211
42017,29686,609136
42019,14870,178085
42021,19496,137147
42023,651,5208
42025,5891,61933
42027,23055,124915
42029,29286,472699
42031,5304,37325
42033,11435,77402
42035,4537,34153
42037,7780,60333
42039,12430,85339
42041,13616,212552
42043,28662,251808
42045,50181,533346
42047,3227,32063
42049,40165,266623
42051,26217,139390
42053,605,4490
42055,10835,137346
42057,1929,14727
42059,6262,36520
42061,4410,40433
42063,15100,82532
42065,5932,44611
42067,2010,22910
42069,26877,200644
42071,43346,482834
42073,10644,88479
42075,9940,123453
42077,36176,328536
42079,38742,301676
42081,15478,112166
42083,5940,41519
42085,13423,109275
42087,6175,45372
42089,14911,159726
42091,41321,752279
42093,1850,17514
42095,21894,280198
42097,12615,87715
42099,3994,44139
42101,358527,1484052
42103,5226,57606
42105,2597,16893
42107,16758,139554
42109,4104,35730
42111,9234,73785
42113,901,5899
42115,5355,39987
42117,5937,39362
42119,4577,36098
42121,8666,53544
42123,4898,39327
42125,20781,200478
42127,5558,47931
42129,34713,353443
42131,2929,27009
42133,34438,410995
44000,118618,1019380
44001,3094,47823
44003,12072,167524
44005,5802,79285
44007,89125,602549
44009,8525,122199
45000,676555,4277311
45001,5521,24413
45003,24273,150417
45005,3540,8763
45007,27280,176232
45009,4676,14130
45011,4938,22724
45013,14728,140749
45015,20245,159951
45017,2102,14727
45019,52309,335769
45021,9828,53568
45023,6667,32323
45025,8840,42394
45027,7055,31340
45029,8320,38790
45031,12589,65338
45033,9132,30645
45035,13453,120568
45037,4167,22528
45039,4805,23163
45041,21572,128169
45043,11481,59615
45045,57587,417529
45047,11282,66961
45049,3958,19625
45051,37193,245448
45053,4129,20727
45055,8488,57534
45057,13627,71787
45059,12753,67231
45061,5314,18195
45063,26275,242119
45065,1486,8836
45067,8009,33291
45069,6503,25646
45071,5780,36982
45073,11312,70152
45075,21818,85985
45077,17749,107459
45079,45467,330560
45081,2481,18794
45083,37811,268161
45085,19340,101801
45087,5462,27030
45089,9871,33442
45091,25339,205700
46000,103752,767143
46003,234,2759
46005,1552,15434
46007,926,3106
46009,703,6162
46011,4872,25941
46013,3713,33525
46015,518,4753
46017,1075,2072
46019,1729,9346
46021,103,1420
46023,2257,8766
46025,390,3508
46027,2442,10510
46029,3556,25949
46031,1589,4130
46033,683,7373
46035,2141,18181
46037,596,5211
46039,361,4117
46041,1749,5926
46043,327,2942
46045,382,3929
46047,933,6314
46049,396,2266
46051,847,7088
46053,546,3996
46055,154,1539
46057,521,5525
46059,376,3041
46061,443,3576
46063,200,1186
46065,1379,16384
46067,695,6972
46069,206,1369
46071,910,2704
46073,154,1984
46075,99,1014
46077,505,5062
46079,1098,10821
46081,3406,22400
46083,1428,37135
46085,714,3827
46087,427,5507
46089,481,2502
46091,720,4115
46093,2837,23368
46095,536,2022
46097,188,2441
46099,16118,171448
46101,369,6369
46103,13484,94696
46105,495,2765
46107,264,2135
46109,2031,9729
46111,316,2448
46113,6670,13088
46115,948,6501
46117,223,2759
46119,119,1363
46121,4715,9978
46123,849,5601
46125,560,8125
46127,673,13928
46129,642,4613
46135,2146,19824
46137,1033,2555
47000,967189,6001130
47001,11742,72554
47003,8200,42783
47005,2899,15987
47007,2548,11134
47009,14346,116709
47011,13754,92273
47013,9321,39971
47015,1923,13332
47017,5763,27813
47019,12237,57232
47021,3901,38613
47023,2305,15021
47025,5915,30000
47027,1458,7781
47029,7838,35031
47031,8482,51051
47033,2802,14026
47035,8648,52242
47037,93452,600048
47039,2863,11094
47041,3295,17684
47043,6320,46663
47045,7765,36998
47047,5076,36131
47049,4541,17166
47051,5386,38931
47053,9178,47748
47055,4708,28423
47057,3904,22469
47059,12171,63385
47061,4184,14093
47063,9707,60389
47065,45387,324105
47067,2208,6407
47069,4695,24287
47071,5466,25802
47073,10710,56262
47075,4990,18930
47077,4262,25870
47079,5205,30841
47081,4002,22502
47083,1683,7871
47085,2359,17962
47087,2574,10792
47089,8606,48126
47091,4122,16713
47093,60187,410374
47095,1439,5474
47097,5942,23975
47099,6701,40282
47101,2420,11044
47103,4509,31848
47105,5855,44810
47107,9014,50679
47109,5168,25138
47111,4680,20925
47113,16875,93667
47115,4414,27919
47117,5221,28805
47119,10418,78690
47121,2663,11414
47123,7556,43930
47125,20471,149673
47127,801,6034
47129,3776,17539
47131,4630,31167
47133,3935,20324
47135,1757,7580
47137,1005,4560
47139,2669,15278
47141,14328,66054
47143,5895,29682
47145,7334,52355
47147,7440,63046
47149,27903,233490
47151,5223,21597
47153,2807,13179
47155,10990,82392
47157,173796,898235
47159,3003,18652
47161,2392,12970
47163,24128,149528
47165,14463,150297
47167,9799,55691
47169,940,7620
47171,3085,17439
47173,3639,18758
47175,1064,5289
47177,7525,39314
47179,17686,112599
47181,2398,14842
47183,6030,31380
47185,4782,24766
47187,8142,164873
47189,7390,104708
48000,3892532,23208156
48001,7491,44637
48003,2415,13129
48005,14206,79377
48007,4127,24159
48009,757,8884
48011,206,1825
48013,8376,42904
48015,2194,26458
48017,1078,6350
48019,3173,19922
48021,9289,69485
48023,503,3779
48025,4733,23420
48027,37605,265305
48029,263260,1543326
48031,1031,8991
48033,31,585
48035,2987,16848
48037,15497,87510
48039,29703,279853
48041,48404,158207
48043,1580,8961
48045,383,1574
48047,2530,7211
48049,6387,36096
48051,2866,16518
48053,5393,42324
48055,6471,33351
48057,2821,20317
48059,1581,13193
48061,135323,379182
48063,2748,12085
48065,557,6218
48067,5248,29007
48069,1550,7109
48071,3170,28907
48073,9555,45527
48075,1708,6040
48077,959,11056
48079,864,2971
48081,612,3233
48083,2568,8254
48085,46425,725145
48087,520,2993
48089,3099,19929
48091,9275,102934
48093,2738,13188
48095,432,2371
48097,5114,37528
48099,9798,65734
48101,211,1679
48103,849,3649
48105,603,3784
48107,1495,6105
48109,684,2400
48111,765,6121
48113,404228,2346233
48115,2514,11474
48117,3194,17957
48119,807,5416
48121,48332,599101
48123,3006,18077
48125,602,2063
48127,3491,9392
48129,504,3403
48131,3465,11619
48133,3618,17177
48135,21419,126577
48137,403,1887
48139,15911,140250
48141,190232,715658
48143,7314,33728
48145,3615,15624
48147,4768,30910
48149,2400,21690
48151,599,3917
48153,1516,6665
48155,365,1311
48157,40426,501916
48159,1649,10870
48161,2649,17148
48163,3002,14203
48165,2374,14789
48167,35996,276988
48169,825,3265
48171,1568,22708
48173,163,1408
48175,897,6944
48177,3677,18454
48179,3529,19701
48181,15202,113910
48183,18231,113985
48185,3356,22242
48187,11094,110331
48189,5754,31929
48191,963,3429
48193,1024,7794
48195,810,5202
48197,522,4082
48199,6240,51002
48201,646456,3862375
48203,10334,61320
48205,212,3614
48207,1037,5185
48209,23885,134105
48211,476,3363
48213,13326,76604
48215,250766,696420
48217,5545,34120
48219,3489,21117
48221,5901,48608
48223,5248,33089
48225,6052,21886
48227,5551,26865
48229,1208,3137
48231,14229,78521
48233,3333,21603
48235,60,1678
48237,1320,7628
48239,1388,13895
48241,6162,33116
48243,267,1994
48245,40799,227092
48247,631,4923
48249,9652,38843
48251,16257,146850
48253,1873,14249
48255,1693,8892
48257,11341,94481
48259,1773,30361
48261,176,336
48263,61,693
48265,6155,45124
48267,629,4475
48269,0,233
48271,869,3097
48273,7600,29140
48275,616,3383
48277,7963,47845
48279,2383,13592
48281,3312,19115
48283,1103,5216
48285,1973,18209
48287,1621,15592
48289,3113,16129
48291,10917,68956
48293,3872,19116
48295,460,2972
48297,1652,9886
48299,1849,17927
48301,0,81
48303,47858,250816
48305,954,5841
48307,1778,7636
48309,45435,219717
48311,33,938
48313,2131,10139
48315,2017,10378
48317,350,4437
48319,590,3890
48321,7946,36364
48323,15438,51070
48325,6528,41381
48327,431,2109
48329,16031,124822
48331,4301,24304
48333,763,4828
48335,999,6409
48337,2509,19443
48339,44716,407337
48341,2539,19927
48343,2538,12788
48345,320,1166
48347,12930,57202
48349,9374,46981
48351,1837,13142
48353,2732,14145
48355,61863,313697
48357,1627,9438
48359,387,2083
48361,12114,81437
48363,3845,27025
48365,3256,22299
48367,10409,105193
48369,1759,9281
48371,2221,13067
48373,9575,42461
48375,25727,117792
48377,2221,7536
48379,1619,10874
48381,10382,110526
48383,248,2972
48385,577,2824
48387,2182,12709
48389,2812,10069
48391,952,6561
48393,116,913
48395,3280,15364
48397,3522,71883
48399,1927,9985
48401,5841,43739
48403,1607,10037
48405,2251,8494
48407,5016,24344
48409,9869,66524
48411,1341,5441
48413,445,2666
48415,2081,13683
48417,384,3028
48419,6478,25738
48421,510,2903
48423,30003,194141
48425,1223,7687
48427,24036,60411
48429,1804,8687
48431,197,1104
48433,200,1371
48435,539,4255
48437,1275,6913
48439,220369,1678355
48441,20084,119459
48443,115,810
48445,2455,11197
48447,248,1620
48449,4356,27543
48451,16658,102378
48453,144055,949167
48455,2780,13760
48457,3623,18319
48459,4940,35661
48461,481,2454
48463,7211,26021
48465,10978,46935
48467,7412,50257
48469,12906,84831
48471,9540,43198
48473,6783,34272
48475,1439,10042
48477,5029,29599
48479,68443,228799
48481,6702,40235
48483,746,4641
48485,17289,117222
48487,3335,13180
48489,8959,19120
48491,22792,368484
48493,3602,38286
48495,1312,6434
48497,4934,56328
48499,5603,38971
48501,1513,7219
48503,2445,17335
48505,5504,13300
48507,4302,11231
49000,271944,2610053
49001,990,5884
49003,3993,47171
49005,16355,106877
49007,2356,18820
49009,43,697
49011,17069,283429
49013,1650,15956
49015,1275,10246
49017,483,4470
49019,1532,9162
49021,8200,41586
49023,1026,9474
49025,664,6248
49027,1566,11929
49029,255,8316
49031,147,1397
49033,140,2063
49035,91999,986860
49037,4071,14184
49039,3996,22888
49041,1844,18908
49043,2470,35463
49045,3127,52751
49047,2999,28711
49049,64693,495170
49051,1587,20236
49053,12641,129367
49055,251,2499
49057,24522,219291
50000,65749,599059
50001,3998,35179
50003,3907,35254
50005,3955,29107
50007,15335,143066
50009,1023,6416
50011,5160,47182
50013,503,7520
50015,3128,24706
50017,2421,28278
50019,3689,26466
50021,6867,60826
50023,5623,56427
50025,4636,42673
50027,5504,55959
51000,752446,7467511
51001,6226,38091
51003,6881,86447
51005,1846,15914
51007,1726,12455
51009,4032,29878
51011,1634,14131
51013,14545,202839
51015,6152,67397
51017,464,4598
51019,5380,65576
51021,719,6262
51023,2220,31744
51025,2660,14959
51027,4966,22754
51029,1638,9239
51031,5937,51864
51033,2103,26222
51035,4799,28775
51036,724,7129
51037,1932,12090
51041,17292,293261
51043,803,14136
51045,476,5034
51047,2886,42870
51049,1404,9536
51051,3022,15877
51053,2886,24955
51057,797,10531
51059,51480,1004461
51061,3094,65747
51063,2220,14725
51065,2357,24107
51067,6320,49731
51069,6402,71145
51071,2642,16746
51073,3780,37775
51075,1314,15715
51077,2594,15757
51079,1311,17671
51081,1395,9316
51083,6442,34885
51085,4466,96163
51087,24992,284074
51089,9570,54819
51091,294,2399
51093,2791,34524
51095,3731,59328
51097,1123,6806
51099,1349,21065
51101,1147,15223
51103,1289,10786
51105,5446,23976
51107,7823,276104
51109,3741,31475
51111,2465,11827
51113,1738,13467
51115,643,9011
51117,5233,30641
51119,1142,10425
51121,18031,77141
51125,2094,15009
51127,798,16563
51131,2492,13194
51133,1231,12877
51135,2667,15142
51137,2727,31403
51139,3061,23571
51141,2494,18370
51143,9070,60349
51145,879,20504
51147,2989,18338
51149,1726,31121
51153,18022,356042
51155,5150,33516
51157,711,7151
51159,756,7938
51161,4605,87452
51163,2466,21267
51165,6410,71859
51167,5167,28839
51169,4438,22033
51171,3383,40072
51173,5408,30649
51175,2563,16693
51177,8393,116984
51179,4853,116076
51181,440,6963
51183,1974,11093
51185,6970,43717
51187,3973,35382
51191,7203,51330
51193,2090,17274
51195,8211,39338
51197,4172,27744
51199,2057,58275
51510,10059,140865
51515,1334,6256
51520,3757,17059
51530,1236,6263
51540,11131,40320
51550,13518,214375
51560,0,0
51570,1129,17579
51580,992,6171
51590,10119,42798
51595,1123,5481
51600,868,22623
51610,227,11216
51620,1889,8387
51630,2985,19944
51640,1869,5990
51650,18349,142223
51660,11013,35149
51670,4794,22505
51678,1254,4155
51680,13219,62959
51683,4082,34835
51685,636,11589
51690,2881,13870
51700,24870,183942
51710,36466,214981
51720,899,3587
51730,5743,32342
51735,547,11710
51740,14610,95972
51750,4101,12436
51760,42208,190608
51770,16958,91294
51775,1825,23367
51780,0,0
51790,3009,21977
51800,8546,79712
51810,29156,422481
51820,3712,21521
51830,1427,7558
51840,3747,25684
53000,749120,6332211
53001,3539,16682
53003,3213,20958
53005,19742,158839
53007,8282,69829
53009,9637,68516
53011,43297,412796
53013,602,3966
53015,15591,98483
53017,5128,35863
53019,1415,7406
53021,14072,68681
53023,260,2119
53025,15678,82519
53027,10889,68349
53029,5929,76583
53031,3686,28711
53033,176808,1831680
53035,20802,234802
53037,8144,35736
53039,3939,19883
53041,9655,71890
53043,1272,10103
53045,8145,53835
53047,7702,39278
53049,3499,21266
53051,2392,12570
53053,86468,748122
53055,1444,15190
53057,14237,114744
53059,824,10549
53061,54349,664420
53063,61231,441367
53065,6228,41323
53067,23511,235317
53069,357,3965
53071,10044,53371
53073,28989,188055
53075,10573,36334
53077,47547,228111
54000,310368,1763346
54001,3318,15197
54003,9465,97557
54005,4749,24839
54007,2869,13972
54009,2283,22958
54011,19433,92485
54013,1445,7199
54015,2390,9500
54017,1761,7224
54019,9114,44273
54021,1364,4788
54023,1802,11748
54025,6105,33646
54027,3525,22043
54029,4161,29632
54031,1786,13416
54033,12791,67854
54035,4338,27406
54037,3764,49367
54039,27654,188781
54041,3668,16854
54043,5839,22002
54045,8003,34577
54047,7695,22654
54049,9635,55220
54051,5715,32410
54053,4971,24971
54055,14287,60305
54057,3805,26246
54059,5891,26502
54061,17173,80180
54063,1565,13563
54065,2546,16081
54067,4800,25941
54069,6650,42805
54071,1145,7489
54073,955,7260
54075,1271,7982
54077,4285,28499
54079,6079,54393
54081,13305,75439
54083,4544,26209
54085,1667,10132
54087,3820,14819
54089,2719,12152
54091,2121,15807
54093,1280,6807
54095,1719,8739
54097,4333,22097
54099,8322,41411
54101,2132,9184
54103,2946,16478
54105,1074,5589
54107,15625,85167
54109,4666,23497
55000,605566,5440780
55001,2391,18946
55003,2790,15546
55005,5000,45044
55007,1556,14357
55009,24231,235736
55011,1203,13632
55013,2696,15735
55015,2497,43907
55017,5459,58660
55019,4171,32793
55021,4132,53014
55023,1961,15772
55025,56691,462525
55027,5988,80265
55029,1719,27646
55031,5567,41781
55033,5895,39059
55035,13418,92539
55037,744,4618
55039,8443,96655
55041,1686,9366
55043,5745,45214
55045,3095,35160
55047,1494,18540
55049,1573,23250
55051,861,6060
55053,2390,18148
55055,6125,77173
55057,3025,26315
55059,17651,158368
55061,1356,20091
55063,15489,106372
55065,1328,15689
55067,2340,19667
55069,3032,29050
55071,6800,79526
55073,10128,127948
55075,5168,40129
55077,1641,14823
55078,1309,4537
55079,167166,929811
55081,5259,42066
55083,3870,36836
55085,3349,35228
55087,13289,170500
55089,3443,84287
55091,598,7124
55093,3448,37023
55095,3541,43630
55097,8637,64575
55099,1562,14300
55101,20887,193565
55103,2000,17834
55105,16943,155763
55107,2258,14055
55109,4663,79563
55111,4771,57387
55113,3265,16668
55115,4622,40155
55117,8484,110507
55119,2290,19177
55121,2764,26898
55123,4351,28476
55125,2316,21566
55127,10578,96974
55129,2009,15441
55131,6689,126887
55133,15248,373838
55135,5021,49883
55137,2947,23347
55139,14879,150556
55141,5631,73204
56000,49051,509248
56001,6381,29814
56003,905,11237
56005,2398,40003
56007,1375,14371
56009,871,12824
56011,631,6240
56013,5171,36726
56015,1446,11271
56017,387,4499
56019,671,7916
56021,8040,84886
56023,1111,16132
56025,6652,69507
56027,222,2067
56029,2026,25936
56031,909,8293
56033,2319,27474
56035,259,7635
56037,2814,38279
56039,1543,20037
56041,2072,19930
56043,368,7627
56045,480,6544
