id,democratic,republican,party
0,52.9,45.7,1
1000,38.7,60.3,2
1001,25.8,73.6,2
1003,23.8,75.3,2
1005,49,50.4,2
1007,26.6,72.4,2
1009,14.5,84,2
1011,74.1,25.7,1
1013,43.1,56.5,2
1015,33.2,65.7,2
1017,45.5,53.9,2
1019,23.7,74.9,2
1021,20.7,78.5,2
1023,46.1,53.5,2
1025,44,55.6,2
1027,25.8,73.1,2
1029,18,80.3,2
1031,25.2,74.1,2
1033,39.1,59.3,2
1035,49.4,50,2
1037,40.9,58.4,2
1039,20.5,78.8,2
1041,30.8,68.7,2
1043,16.6,81.8,2
1045,27.3,71.9,2
1047,67.1,32.6,1
1049,23.6,74.8,2
1051,24.2,75.1,2
1053,35.4,63.9,2
1055,30.2,68.4,2
1057,25.1,73.9,2
1059,29.7,68.8,2
1061,18.3,80.8,2
1063,83.1,16.5,1
1065,60.7,39,1
1067,34.9,64.6,2
1069,29.3,70.1,2
1071,30.5,67.5,2
1073,52.2,47.1,1
1075,22.8,76.6,2
1077,35,63.2,2
1079,35.2,63.2,2
1081,39.6,59.3,2
1083,28.4,70.3,2
1085,74.9,24.9,1
1087,86.9,12.8,1
1089,41.9,56.9,2
1091,51.7,48.1,1
1093,21,77.2,2
1095,21.2,77.6,2
1097,45.3,54,2
1099,44.7,54.9,2
1101,59.4,40.1,1
1103,27.5,71.3,2
1105,72.4,27.3,1
1107,45.6,54,2
1109,42.1,57.4,2
1111,29.5,69.1,2
1113,53.3,46,1
1115,17.9,81.1,2
1117,22.8,76.2,2
1119,75,24.7,1
1121,40.3,58.8,2
1123,31.4,67.9,2
1125,41.6,57.5,2
1127,25.9,72.3,2
1129,35,64.4,2
1131,71,28.8,1
1133,17.5,80.8,2
2000,37.9,59.4,2
2013,0,0,0
2016,0,0,0
2020,0,0,0
2050,0,0,0
2060,0,0,0
2068,0,0,0
2070,0,0,0
2090,0,0,0
2100,0,0,0
2105,0,0,0
2110,0,0,0
2122,0,0,0
2130,0,0,0
2150,0,0,0
2164,0,0,0
2170,0,0,0
2180,0,0,0
2185,0,0,0
2188,0,0,0
2195,0,0,0
2198,0,0,0
2220,0,0,0
2230,0,0,0
2240,0,0,0
2261,0,0,0
2270,0,0,0
2275,0,0,0
2282,0,0,0
2290,0,0,0
4000,45.1,53.6,2
4001,63.4,35.2,1
4003,38.8,59.5,2
4005,57.8,40.8,1
4007,35.3,63.1,2
4009,29,69.8,2
4011,40,58.8,2
4012,34.7,63.2,2
4013,44.1,54.7,2
4015,32.7,65.6,2
4017,43.5,55.2,2
4019,52.4,46.4,1
4021,42.2,56.7,2
4023,65.3,34,1
4025,37,61.4,2
4027,42.6,56.3,2
5000,38.9,58.7,2
5001,37.5,60,2
5003,34.4,62.6,2
5005,32.7,64.3,2
5007,30.7,67.2,2
5009,28.7,68.3,2
5011,41.6,56,2
5013,31.2,65.9,2
5015,39.4,57.5,2
5017,58.4,40.7,1
5019,46.9,50.7,2
5021,40.7,55,2
5023,26,70.2,2
5025,26,69.9,2
5027,37.2,61.3,2
5029,38.7,57.6,2
5031,36.5,61,2
5033,25.5,71.5,2
5035,56.6,41.9,1
5037,36.2,61.6,2
5039,44.3,53,2
5041,54.9,42.7,1
5043,39.3,58.4,2
5045,36.3,61.6,2
5047,28.9,68.1,2
5049,38.9,57.8,2
5051,36.4,61.4,2
5053,23,73.9,2
5055,33.4,63,2
5057,39,58.1,2
5059,35.9,60.3,2
5061,36,61,2
5063,30,67.1,2
5065,34.3,61.2,2
5067,39.5,55.9,2
5069,62.2,35.9,1
5071,37.1,60.2,2
5073,39,58.1,2
5075,36.7,57.6,2
5077,60.1,38.6,1
5079,38.8,57,2
5081,34,63,2
5083,28.9,67.7,2
5085,25.1,72.6,2
5087,33.9,62.8,2
5089,33.3,63.2,2
5091,32.3,65.8,2
5093,47.6,49.8,2
5095,46.8,50.9,2
5097,30.1,65.3,2
5099,40.6,56.7,2
5101,29.8,65.4,2
5103,43.6,54.5,2
5105,31.6,64.1,2
5107,63.5,34.5,1
5109,27.5,68.8,2
5111,34.6,61.8,2
5113,25.5,71.3,2
5115,27.2,70.5,2
5117,31,65.7,2
5119,55.1,43.5,1
5121,39.1,57.2,2
5123,57.7,41.2,1
5125,28.4,69.4,2
5127,26.4,69.9,2
5129,25,70.9,2
5131,31.6,66.3,2
5133,28.2,68.2,2
5135,33.6,62.5,2
5137,30,66.4,2
5139,36,62.2,2
5141,32.1,63.8,2
5143,42.4,55.5,2
5145,25,72.2,2
5147,51.1,43.7,1
5149,33.2,63.1,2
6000,61,37,1
6001,78.8,19.3,1
6003,61,36.4,1
6005,41.5,56.1,2
6007,49.8,47.5,1
6009,42.1,55.1,2
6011,40,58.1,2
6013,68,30.2,1
6015,45.4,52.1,2
6017,43.6,54.1,2
6019,50.2,48.1,1
6021,37.8,59.8,2
6023,62.3,34.1,1
6025,62.2,36.1,1
6027,43.9,53,2
6029,40.1,57.9,2
6031,42,56.1,2
6033,58.2,38.9,1
6035,31.5,65.7,2
6037,69.2,28.8,1
6039,42.4,55.7,2
6041,78,20.2,1
6043,42.5,54.9,2
6045,69.6,26.8,1
6047,53.3,45,1
6049,29.7,67.4,2
6051,55.5,42.3,1
6053,68.2,29.9,1
6055,65.1,32.7,1
6057,51.4,46.1,1
6059,47.6,50.2,2
6061,43.4,54.7,2
6063,42.8,54.7,2
6065,50.2,47.9,1
6067,58.5,39.5,1
6069,60.5,37.7,1
6071,52.1,45.8,1
6073,54.1,43.9,1
6075,84.2,13.7,1
6077,54.4,43.8,1
6079,51.4,46,1
6081,73.5,24.7,1
6083,60.4,37.5,1
6085,69.4,28.6,1
6087,77.5,19.8,1
6089,35.9,61.7,2
6091,37.3,58.2,2
6093,43.3,53.7,2
6095,63.4,34.8,1
6097,73.6,24,1
6099,49.9,48.1,1
6101,40.7,57.4,2
6103,36.6,60.7,2
6105,50.7,46.1,1
6107,41.5,56.8,2
6109,42.4,55.1,2
6111,55.2,42.9,1
6113,67.1,30.8,1
6115,41.4,56.1,2
8000,53.7,44.7,1
8001,58.2,39.9,1
8003,56,41.9,1
8005,55.7,42.8,1
8007,42.8,54.9,2
8009,24.6,72.3,2
8011,41.6,56.1,2
8013,72.3,26.1,1
8014,54.9,43.3,1
8015,49,49.1,2
8017,17.8,80.1,2
8019,57.8,39.9,1
8021,55.6,42.7,1
8023,73.4,24.5,1
8025,35.4,62.6,2
8027,34.7,63.6,2
8029,32.9,65.2,2
8031,75.5,23,1
8033,30.3,67.2,2
8035,40.8,58,2
8037,60.9,37.8,1
8039,28.9,69,2
8041,39.9,58.7,2
8043,34.4,63.6,2
8045,49.2,49.2,2
8047,59.2,38,1
8049,48.6,49.7,2
8051,62.6,35.3,1
8053,40.1,57.4,2
8055,54.6,43.4,1
8057,30.3,68.3,2
8059,53.6,44.6,1
8061,20.9,76.3,2
8063,26.5,71.3,2
8065,61.9,35.9,1
8067,57.4,41.1,1
8069,54,44.3,1
8071,52.7,45.6,1
8073,23.7,74.5,2
8075,31.7,66.9,2
8077,34.5,64,2
8079,43.3,53.6,2
8081,26.9,70.4,2
8083,39.4,58.9,2
8085,33.9,63.7,2
8087,37.3,61.3,2
8089,44,54.5,2
8091,53.5,44.7,1
8093,45.3,52.2,2
8095,27.5,71.3,2
8097,73.7,24.9,1
8099,32.2,65.9,2
8101,56.7,41.8,1
8103,20.8,77.4,2
8105,45,53.8,2
8107,62.7,35.8,1
8109,63,34.7,1
8111,53.2,44,1
8113,77,21.4,1
8115,34.6,63.4,2
8117,65.8,32.8,1
8119,35,63.1,2
8121,21.1,77.6,2
8123,44.7,53.4,2
8125,24.9,73.3,2
9000,60.6,38.2,1
9001,58.7,40.5,1
9003,65.1,33.7,1
9005,51.6,46.7,1
9007,60.7,37.7,1
9009,61,37.8,1
9011,59.9,38.8,1
9013,59.7,38.8,1
9015,56.4,41.7,1
10000,61.9,36.9,1
10001,54.4,44.6,1
10003,69.7,29.1,1
10005,45.2,53.8,2
11000,92.5,6.5,1
11001,92.5,6.5,1
12000,51,48.2,1
12001,60.2,38.6,1
12003,21,78.4,2
12005,29.2,69.9,2
12007,29.4,69.7,2
12009,44.3,54.7,2
12011,67.1,32.4,1
12013,29.2,69.6,2
12015,45.8,53.1,2
12017,41.3,57.4,2
12019,28.2,71.1,2
12021,38.3,60.8,2
12023,32.6,66.4,2
12027,43.3,55.6,2
12029,26.5,71.5,2
12031,48.7,50.6,2
12033,39.9,59.2,2
12035,50.4,48.8,1
12037,35.4,63.3,2
12039,69.2,30.3,1
12041,25.5,72.3,2
12043,41.1,57.7,2
12045,29.8,69.1,2
12047,42.3,56.9,2
12049,34.6,64.3,2
12051,45.9,53.1,2
12053,47.7,51.2,2
12055,40.5,58.6,2
12057,53.2,46,1
12059,16.8,81.9,2
12061,42.1,56.9,2
12063,35.6,63.6,2
12065,51.4,47.7,1
12067,19.1,79.8,2
12069,42.8,56.4,2
12071,44.5,54.8,2
12073,61.7,37.5,1
12075,35.8,62.8,2
12077,27.3,71.4,2
12079,47.9,51,2
12081,46.1,53.1,2
12083,43.7,55.3,2
12085,42.8,56.4,2
12086,57.9,41.8,1
12087,51.9,47,1
12089,27.7,71.5,2
12091,27.1,72,2
12093,39.9,59.1,2
12095,59,40.4,1
12097,59.6,39.8,1
12099,61.2,38.3,1
12101,47.7,51.2,2
12103,53.6,45.3,1
12105,46.5,52.6,2
12107,39.9,59.2,2
12109,33.8,65.4,2
12111,55.7,43.5,1
12113,25.6,73.5,2
12115,49.5,49.6,2
12117,48.2,51,2
12119,36.1,63.2,2
12121,27.8,71,2
12123,29.9,68.9,2
12125,24.6,74.4,2
12127,52.4,46.7,1
12129,36.9,61.7,2
12131,26.5,72.3,2
12133,25.7,73.5,2
13000,47,52.2,2
13001,26.4,72.7,2
13003,32.3,66.8,2
13005,20.7,78.4,2
13007,50.1,49.1,1
13009,51.9,47.3,1
13011,16.5,82,2
13013,27.1,71.7,2
13015,26.8,72,2
13017,42.9,56.6,2
13019,22.8,76,2
13021,58.7,40.7,1
13023,27.2,72.1,2
13025,17.8,80.9,2
13027,43,56.6,2
13029,28.3,70.9,2
13031,40.1,59.3,2
13033,54.4,45.1,1
13035,33.7,65.4,2
13037,60.7,39,1
13039,37.9,61.5,2
13043,34.4,65,2
13045,33,65.9,2
13047,24.6,74.4,2
13049,32.5,66.9,2
13051,56.9,42.5,1
13053,50.2,49.1,1
13055,31.3,67.1,2
13057,23.8,74.9,2
13059,65,33.7,1
13061,61,38.8,1
13063,83,16.6,1
13065,36.7,62.2,2
13067,44.8,54.2,2
13069,35,64.5,2
13071,30.8,68.4,2
13073,28.4,71,2
13075,35.2,64.1,2
13077,29,70.2,2
13079,35,64.1,2
13081,40.9,58.6,2
13083,25.2,73.4,2
13085,16.4,82.6,2
13087,42.6,56.8,2
13089,79,20.3,1
13091,31.6,67.5,2
13093,51.4,47.9,1
13095,67.3,32.3,1
13097,50.5,48.7,1
13099,48.8,50.8,2
13101,16.9,82.6,2
13103,24.3,75,2
13105,40.5,58.5,2
13107,37.2,62,2
13109,35.6,63.9,2
13111,24.7,73.8,2
13113,34.2,64.9,2
13115,31.2,67.6,2
13117,20.4,78.5,2
13119,23.7,75.2,2
13121,67.2,32.1,1
13123,23.4,75.4,2
13125,14.7,84.2,2
13127,38,61.4,2
13129,24.2,74.5,2
13131,37.8,61.7,2
13133,42.2,57.2,2
13135,44.4,54.7,2
13137,19.6,79.5,2
13139,24.1,75,2
13141,81.4,18.3,1
13143,20.3,78,2
13145,28.1,71.4,2
13147,33.6,65.4,2
13149,24.7,74.2,2
13151,45.9,53.4,2
13153,39.5,59.7,2
13155,31.3,68.1,2
13157,21.6,77.4,2
13159,32.8,66.3,2
13161,25.7,73.3,2
13163,57.4,42.3,1
13165,43.1,56.3,2
13167,32.8,66.5,2
13169,36.8,62.6,2
13171,35.8,63.4,2
13173,37,62.2,2
13175,39,60.5,2
13177,23.7,75.8,2
13179,64,35.6,1
13181,37.4,61.8,2
13183,37.3,61.4,2
13185,45,54.4,2
13187,23.3,75.2,2
13189,42.3,57.2,2
13191,46.6,52.7,2
13193,65.3,34.4,1
13195,26.2,72.6,2
13197,43.4,55.7,2
13199,47,52.4,2
13201,29.9,69.4,2
13205,47.7,51.7,2
13207,33.8,65.4,2
13209,29.1,70.2,2
13211,33.8,65.4,2
13213,26.6,71.9,2
13215,59.6,39.9,1
13217,50.3,49.1,1
13219,28.2,70.7,2
13221,34.6,64.3,2
13223,30.2,68.8,2
13225,53.1,46.3,1
13227,20.3,78.2,2
13229,18.5,81,2
13231,19.2,79.8,2
13233,28.7,69.8,2
13235,34.8,64.6,2
13237,34,65.3,2
13239,53.6,45.7,1
13241,26.3,72.2,2
13243,57,42.6,1
13245,65.7,33.8,1
13247,54.4,44.9,1
13249,27.6,72,2
13251,46.7,52.8,2
13253,41.5,57.9,2
13255,40.2,58.9,2
13257,25.7,73.1,2
13259,62,37.2,1
13261,52.8,46.7,1
13263,64,35.2,1
13265,64.9,34.2,1
13267,28.8,70.4,2
13269,42.9,56.4,2
13271,42.6,56.8,2
13273,56.6,42.8,1
13275,41.8,57.7,2
13277,33.3,66.1,2
13279,30.6,68.7,2
13281,24.2,74.8,2
13283,37.6,61.8,2
13285,40.2,59.1,2
13287,40.2,59,2
13289,53.2,46.2,1
13291,23.4,75.4,2
13293,35.6,63.8,2
13295,25.9,72.7,2
13297,23.5,75.6,2
13299,32.5,66.9,2
13301,58.4,40.9,1
13303,52,47.6,1
13305,27.1,72,2
13307,46.4,52.9,2
13309,35.9,63.7,2
13311,20.2,78.7,2
13313,29.5,69.5,2
13315,30.9,68.3,2
13317,45.8,53.5,2
13319,49.2,50.3,2
13321,30.4,69.1,2
15000,71.8,26.6,1
15001,75.9,22.2,1
15003,69.8,28.7,1
15005,0,0,0
15007,75,22.9,1
15009,76.7,21.5,1
16000,36.1,61.5,2
16001,45.8,52,2
16003,31.4,65.4,2
16005,42.1,55.1,2
16007,17.1,80.8,2
16009,33.8,63.5,2
16011,25.8,71.3,2
16013,65.7,32.5,1
16015,32.9,64.5,2
16017,40.1,57,2
16019,27.4,70.3,2
16021,31.4,65,2
16023,22.6,74.9,2
16025,30.3,68.3,2
16027,31.4,66.5,2
16029,16.7,80.4,2
16031,17,80.5,2
16033,17.1,81.3,2
16035,31,65.8,2
16037,26,72,2
16039,30.7,67.2,2
16041,11.8,83.7,2
16043,18.1,79.9,2
16045,27.3,70.3,2
16047,27.6,69.8,2
16049,24.6,71.8,2
16051,15.7,81.8,2
16053,26.2,71.5,2
16055,35.7,62,2
16057,51.9,45.1,1
16059,25.8,71.6,2
16061,26.6,70.7,2
16063,29.1,65.9,2
16065,12.5,85.2,2
16067,23.7,73.8,2
16069,40,58.1,2
16071,17.6,79.7,2
16073,23.3,74.5,2
16075,28,69.5,2
16077,36.1,61.7,2
16079,44.5,52.1,2
16081,49.4,48.6,1
16083,30.4,67.1,2
16085,45.4,52.3,2
16087,27.5,70.3,2
17000,61.9,36.8,1
17001,38.3,60.7,2
17003,55.6,43,1
17005,48.5,49.8,2
17007,51.1,47,1
17009,38.4,60.1,2
17011,51.9,46.2,1
17013,52.7,45.2,1
17015,51.7,46.9,1
17017,49.7,48.4,1
17019,57.8,40.3,1
17021,45.8,52.1,2
17023,45.1,53.2,2
17025,37.6,60.8,2
17027,44.2,54,2
17029,50.8,47.6,1
17031,76.2,22.8,1
17033,42.5,55.5,2
17035,38.6,59.3,2
17037,57.5,40.8,1
17039,42.4,55.7,2
17041,38.6,59.9,2
17043,54.7,43.9,1
17045,45.3,53.3,2
17047,34,63.8,2
17049,31.3,67.3,2
17051,41,56.8,2
17053,34.9,63.9,2
17055,47.6,50.4,2
17057,59.6,38.3,1
17059,55.5,42.4,1
17061,45.1,52.6,2
17063,49.9,48.2,1
17065,42.1,55.2,2
17067,43.7,54.5,2
17069,39.6,59,2
17071,58.1,40.4,1
17073,53.2,45.4,1
17075,34.1,64,2
17077,59.7,37.9,1
17079,40.2,57.8,2
17081,43.5,54.3,2
17083,47.6,50.4,2
17085,54.5,44,1
17087,31.7,66.3,2
17089,55.2,43.4,1
17091,51.5,46.9,1
17093,53.1,45.8,1
17095,59.2,39.3,1
17097,59.3,39.6,1
17099,54.7,43.6,1
17101,46.1,52.1,2
17103,47.6,50.6,2
17105,39.6,58.8,2
17107,40.7,57.6,2
17109,52,46.4,1
17111,51.9,46.6,1
17113,49.8,48.5,1
17115,49.8,48.7,1
17117,54,44.2,1
17119,53.7,44.6,1
17121,48.1,50.1,2
17123,48.6,49.7,2
17125,52,46.1,1
17127,37.5,60.8,2
17129,41.9,56.8,2
17131,55.2,43.3,1
17133,44,54.6,2
17135,50.4,47.8,1
17137,48.6,49.4,2
17139,42.6,55.4,2
17141,45.3,52.9,2
17143,56.2,42.3,1
17145,47,50.9,2
17147,42.9,55.5,2
17149,39.7,58.5,2
17151,37.9,60.2,2
17153,50.1,48.7,1
17155,56.9,41.3,1
17157,48.6,49.6,2
17159,41.6,56.6,2
17161,61.7,37.1,1
17163,60.6,38.1,1
17165,44.5,53.4,2
17167,51.4,47,1
17169,49.7,47.9,1
17171,41.9,56,2
17173,39.1,58.9,2
17175,46.7,52,2
17177,52.5,45.9,1
17179,46,52.1,2
17181,43,54.9,2
17183,49.4,48.8,1
17185,42.6,56.3,2
17187,53.4,45.3,1
17189,42.1,56.4,2
17191,31.6,66.8,2
17193,44.5,53.5,2
17195,58,40.4,1
17197,56,42.8,1
17199,41.8,56.5,2
17201,55.6,42.8,1
17203,35.9,62.6,2
18000,49.9,48.9,1
18001,36.5,62.2,2
18003,47.4,51.8,2
18005,43.7,55,2
18007,41,57.2,2
18009,49.2,49.4,2
18011,36.6,62.4,2
18013,47.8,50.4,2
18015,42.8,55.6,2
18017,44.8,53.3,2
18019,46,53.1,2
18021,43.5,55,2
18023,42.8,55.8,2
18025,48.2,50.4,2
18027,31.8,67.1,2
18029,32.1,67,2
18031,37.1,61.5,2
18033,41.8,57,2
18035,56.9,41.9,1
18037,47.1,51.3,2
18039,43.9,55.1,2
18041,46.4,52,2
18043,44.5,54.6,2
18045,41.8,56.1,2
18047,32.1,66.1,2
18049,41.1,57.2,2
18051,42.8,56,2
18053,42.9,56,2
18055,41.9,56.4,2
18057,38.5,60.7,2
18059,34.7,64.3,2
18061,40.3,58.3,2
18063,37.8,61.2,2
18065,47.2,51.1,2
18067,46.3,52.4,2
18069,35.8,63,2
18071,42.3,56,2
18073,39.2,59.6,2
18075,45.1,52.9,2
18077,46.4,52.3,2
18079,44.9,52.9,2
18081,36.8,62.2,2
18083,46.1,52.6,2
18085,30.6,68,2
18087,38.6,60.1,2
18089,66.7,32.5,1
18091,60.2,38.2,1
18093,38.9,59.4,2
18095,52.6,46,1
18097,63.8,35.4,1
18099,42.5,56.1,2
18101,34.8,63.7,2
18103,39.4,58.9,2
18105,65.6,33.4,1
18107,39.3,59.3,2
18109,35.9,62.9,2
18111,43.4,54.6,2
18113,41.6,57,2
18115,39.7,58.7,2
18117,41.9,56.1,2
18119,43.7,54,2
18121,42,56.1,2
18123,60.6,37.7,1
18125,44.8,53.4,2
18127,53,45.8,1
18129,45.6,53.3,2
18131,41.3,56.8,2
18133,43.2,55.2,2
18135,44.8,53.6,2
18137,34.4,63.9,2
18139,42.3,56,2
18141,58,41,1
18143,48.1,50.1,2
18145,39.8,58.8,2
18147,49.5,49.1,1
18149,50.5,47.3,1
18151,44.4,54.2,2
18153,48.8,49.5,2
18155,45,53.3,2
18157,55.2,43.6,1
18159,41.5,56.9,2
18161,36.6,61.6,2
18163,50.8,48.3,1
18165,56.1,42.2,1
18167,57.3,41.5,1
18169,39.3,59.4,2
18171,43.9,54.2,2
18173,43,55.9,2
18175,40.4,57.7,2
18177,47.1,51,2
18179,33.7,65.1,2
18181,44.9,53.2,2
18183,38.6,60.1,2
19000,53.9,44.4,1
19001,47.5,50.8,2
19003,50.7,47.4,1
19005,56.2,42,1
19007,48.1,49.9,2
19009,50.6,47.6,1
19011,51.5,47,1
19013,60.5,38.1,1
19015,52.8,45.2,1
19017,53.9,44.6,1
19019,58.5,40,1
19021,48.4,50.2,2
19023,46.9,51.6,2
19025,45.1,52.8,2
19027,51,47.3,1
19029,43.7,54.5,2
19031,54,44.4,1
19033,59.7,38.8,1
19035,45.4,53,2
19037,59.6,38.8,1
19039,49.9,47.6,1
19041,46.7,51.8,2
19043,57.8,40.6,1
19045,60.7,37.7,1
19047,51.7,46.5,1
19049,46.4,51.9,2
19051,44,53.1,2
19053,48.4,49.2,2
19055,52.2,46.2,1
19057,60.6,37.5,1
19059,46.7,52.1,2
19061,59.7,38.9,1
19063,51.2,47.3,1
19065,57.6,41,1
19067,59.6,37.7,1
19069,50,48.6,1
19071,47.4,51.1,2
19073,49.4,48.9,1
19075,40.9,57.8,2
19077,44.9,52.6,2
19079,49.7,48.4,1
19081,47.3,50.9,2
19083,49.6,48.7,1
19085,46.9,51.5,2
19087,46.4,51.4,2
19089,62.2,36.4,1
19091,42.2,56.5,2
19093,41,57.4,2
19095,49.2,49,1
19097,61.3,36.9,1
19099,52.8,45.3,1
19101,58.7,38.5,1
19103,69.9,28.4,1
19105,54.4,44,1
19107,47,50.6,2
19109,50.8,47.6,1
19111,57,41,1
19113,60,38.5,1
19115,51.3,47,1
19117,45.3,52.1,2
19119,26.9,71.9,2
19121,44,54,2
19123,40.8,57.4,2
19125,43.6,54.3,2
19127,53.7,44.4,1
19129,40.9,57.4,2
19131,55.1,42.8,1
19133,47.8,50.3,2
19135,46.4,51.6,2
19137,44,54.6,2
19139,57.1,41.5,1
19141,31.9,66.7,2
19143,33.1,64.8,2
19145,39.4,59.1,2
19147,50.5,47.7,1
19149,37,62,2
19151,44.9,53.3,2
19153,56.4,41.8,1
19155,48.3,50.2,2
19157,55,43.3,1
19159,46,52.1,2
19161,44.6,53.5,2
19163,56.6,42.1,1
19165,44.4,54,2
19167,18.2,80.9,2
19169,57,40.8,1
19171,55.3,43.2,1
19173,44.5,53.1,2
19175,50.7,47,1
19177,42.8,55,2
19179,55.3,41.8,1
19181,49.4,48.8,1
19183,48.6,49.4,2
19185,45.5,52.5,2
19187,53.4,44.9,1
19189,53.5,44.9,1
19191,60.5,37.9,1
19193,49.1,49.6,2
19195,60.3,37.8,1
19197,48.5,50,2
20000,41.7,56.6,2
20001,37.4,60.7,2
20003,32.4,65.1,2
20005,45.1,52.7,2
20007,24.3,74.5,2
20009,27.4,70.6,2
20011,35.3,62.5,2
20013,30.1,68.2,2
20015,32.9,65.1,2
20017,27.7,70.5,2
20019,21.7,76.6,2
20021,37.2,60.9,2
20023,21.6,76.6,2
20025,21.1,77.4,2
20027,24.9,74,2
20029,27.7,70.1,2
20031,26.5,72.2,2
20033,19.9,78.5,2
20035,36.4,61.6,2
20037,49.5,48.1,1
20039,22.2,76.8,2
20041,27.9,70.2,2
20043,31.3,66.6,2
20045,64.4,33.6,1
20047,24.5,73.3,2
20049,25.3,72.7,2
20051,32.2,65.9,2
20053,29,68.8,2
20055,31.6,66.9,2
20057,33.7,64.6,2
20059,37.8,60.3,2
20061,43.1,55.5,2
20063,18.4,80.1,2
20065,22.8,74.5,2
20067,23.9,75,2
20069,20.6,77.5,2
20071,20.3,79.3,2
20073,27.3,71,2
20075,21.3,77,2
20077,26.3,71.5,2
20079,40.5,57.7,2
20081,17.7,81.3,2
20083,19.3,78.9,2
20085,36.9,60.9,2
20087,39.6,58.3,2
20089,19.8,77.7,2
20091,44.8,53.8,2
20093,20.9,78.2,2
20095,26.3,71,2
20097,17.6,80.4,2
20099,42.5,55.4,2
20101,18.8,79.3,2
20103,43.3,54.9,2
20105,21.9,75.9,2
20107,30.9,66.8,2
20109,15.6,82.4,2
20111,45.9,51.9,2
20113,31.5,66.8,2
20115,29.7,68.6,2
20117,35.4,62.7,2
20119,18.5,79.8,2
20121,37.3,61,2
20123,21.9,76.2,2
20125,31.2,66.9,2
20127,31.9,66,2
20129,16.3,82.2,2
20131,26.7,71.2,2
20133,35.6,62.2,2
20135,19,79.1,2
20137,20.6,77.8,2
20139,33.6,63.9,2
20141,20.9,77.2,2
20143,22.8,75.3,2
20145,30.6,67.6,2
20147,19.7,78.9,2
20149,26.4,70.4,2
20151,30.9,67.4,2
20153,17.6,80.5,2
20155,37.4,60.8,2
20157,24,74.1,2
20159,28.9,69.1,2
20161,45.6,52.7,2
20163,18.1,79.9,2
20165,28.3,68.8,2
20167,22.4,76.2,2
20169,35.9,62.2,2
20171,14.7,83.7,2
20173,42.7,55.4,2
20175,28,71,2
20177,49,49.3,2
20179,18.5,80.5,2
20181,25.4,72.4,2
20183,20.2,78,2
20185,26.1,72.1,2
20187,22.7,75.9,2
20189,13.3,85.3,2
20191,32.4,65.2,2
20193,21.4,77.2,2
20195,25.1,73.3,2
20197,29.4,68,2
20199,11.9,85.8,2
20201,22.1,75.4,2
20203,16,82.4,2
20205,28.4,69.2,2
20207,32,66,2
20209,69.7,28.9,1
21000,41.2,57.4,2
21001,22.9,75.5,2
21003,27.4,71.2,2
21005,32.8,65.2,2
21007,35.1,62.5,2
21009,32.3,66.2,2
21011,48.6,49.2,2
21013,29,69.6,2
21015,32.1,66.6,2
21017,40.6,57.9,2
21019,43,55.3,2
21021,37.7,60.9,2
21023,36.5,60.8,2
21025,43.8,53.1,2
21027,36.5,62,2
21029,33.1,65.4,2
21031,29.2,69.5,2
21033,35.7,62.4,2
21035,40,58.4,2
21037,38.8,59.7,2
21039,33.6,64.9,2
21041,44.7,53,2
21043,44,53.5,2
21045,20.5,78.5,2
21047,39,60.1,2
21049,36.8,61.8,2
21051,21.1,77.5,2
21053,18.2,80.7,2
21055,31.9,66.3,2
21057,24.9,73.5,2
21059,44.2,54.3,2
21061,31.3,67.6,2
21063,61,35.9,1
21065,29.3,69.3,2
21067,51.7,46.9,1
21069,39.1,58.8,2
21071,48.1,49.4,2
21073,48.9,49.5,2
21075,43.8,54.2,2
21077,40,57.6,2
21079,27.9,71,2
21081,35.5,62.9,2
21083,36.1,62,2
21085,31.8,66.7,2
21087,23.7,74.5,2
21089,41.9,56,2
21091,51.5,46.5,1
21093,39.1,59.8,2
21095,26.1,72.3,2
21097,38.4,59.6,2
21099,33.6,64.5,2
21101,50.6,47.9,1
21103,39.4,59,2
21105,36.1,62.5,2
21107,36.7,61.6,2
21109,14.2,84.4,2
21111,55.5,43.5,1
21113,30.8,67.8,2
21115,28.3,69.8,2
21117,38.8,59.7,2
21119,44.9,52.7,2
21121,27,71.6,2
21123,31,67.2,2
21125,20.5,78.5,2
21127,36,62,2
21129,27.1,71.3,2
21131,17.4,81.3,2
21133,31.9,65.2,2
21135,31.5,67.1,2
21137,30.1,68.5,2
21139,35.3,62.9,2
21141,35,63.6,2
21143,40.9,57.6,2
21145,36.7,61.9,2
21147,23.3,75.4,2
21149,44.4,53.9,2
21151,38.1,60.5,2
21153,45.3,52.3,2
21155,47.2,50.5,2
21157,36.7,61.4,2
21159,21.9,76.5,2
21161,40.6,57.6,2
21163,38.8,59.7,2
21165,51.3,46.4,1
21167,31.4,67.4,2
21169,32.2,65.1,2
21171,22.9,75.8,2
21173,41,57.6,2
21175,42.9,54.7,2
21177,48.3,50,2
21179,42.2,55.9,2
21181,42.8,55,2
21183,40.8,57.2,2
21185,34.1,64.8,2
21187,35.6,62.5,2
21189,22.6,75.9,2
21191,34.9,63.4,2
21193,33.2,65.2,2
21195,42.1,55.9,2
21197,41.5,57.1,2
21199,21.7,77.1,2
21201,44.4,52.5,2
21203,22.5,75.8,2
21205,50,47.9,1
21207,21,77.3,2
21209,39.1,59.7,2
21211,37.1,61.8,2
21213,38,60.7,2
21215,31.3,66.8,2
21217,29.1,69.7,2
21219,31.2,67.5,2
21221,34.4,64.2,2
21223,38.9,58.7,2
21225,46.5,51.7,2
21227,40,58.9,2
21229,35.8,62.7,2
21231,30.6,67.6,2
21233,43.1,54.8,2
21235,25.4,73.1,2
21237,50.3,47.4,1
21239,40.9,58,2
22000,39.9,58.6,2
22001,26.3,72,2
22003,30.5,66.9,2
22005,31.4,67.1,2
22007,43.4,54.6,2
22009,37.4,60.4,2
22011,21.8,76.2,2
22013,48.3,50.8,2
22015,27.7,71.4,2
22017,51.1,48.1,1
22019,36.8,61.4,2
22021,22.8,75.5,2
22023,16.2,81.4,2
22025,31.8,66.7,2
22027,44.2,54.8,2
22029,39.5,59.5,2
22031,42.8,56.2,2
22033,50.5,48.3,1
22035,63.7,35.2,1
22037,44.1,54.6,2
22039,36.6,61.3,2
22041,31.6,67.1,2
22043,17.2,80.7,2
22045,37.7,60.7,2
22047,54.9,43.8,1
22049,31.7,67.1,2
22051,35.9,62.5,2
22053,29.1,68.7,2
22055,33.6,64.9,2
22057,25.5,71.5,2
22059,13.1,85.5,2
22061,43.2,55.7,2
22063,13.1,85,2
22065,58.5,40.6,1
22067,43.9,55,2
22069,45.7,53,2
22071,79.4,19.1,1
22073,36.9,62.1,2
22075,32.3,66,2
22077,44.4,53.9,2
22079,35,63.6,2
22081,44.9,53.7,2
22083,36.1,62.6,2
22085,23.3,74.9,2
22087,25.8,71.2,2
22089,33.6,64.8,2
22091,57.7,40.8,1
22093,55.7,43.2,1
22095,57.4,41.2,1
22097,47.7,50.9,2
22099,38.8,59.6,2
22101,40.8,57.6,2
22103,22.5,75.8,2
22105,33.8,64.7,2
22107,54.1,45,1
22109,28.5,69.3,2
22111,28.6,70.1,2
22113,25.2,72.8,2
22115,22.4,75.8,2
22117,32.9,65.6,2
22119,36.2,62.5,2
22121,42.5,56.1,2
22123,17.6,81.1,2
22125,43,56,2
22127,30.2,68.4,2
23000,57.7,40.4,1
23001,56.5,41.3,1
23003,53.7,44.2,1
23005,64.1,34.2,1
23007,58.9,38.6,1
23009,58.7,39.4,1
23011,56.4,41.6,1
23013,59.7,38.4,1
23015,55.1,43,1
23017,56.7,40.6,1
23019,51.7,46.6,1
23021,47,50.7,2
23023,57,40.9,1
23025,51.8,46.1,1
23027,54.8,43.1,1
23029,49.5,48.5,1
23031,59.4,38.8,1
24000,61.9,36.5,1
24001,36,61.9,2
24003,48.2,50,2
24005,56.2,41.7,1
24009,46.1,52.4,2
24011,37.6,60.6,2
24013,33.1,64.3,2
24015,41.6,56.1,2
24017,62.2,36.7,1
24019,45.3,53.5,2
24021,48.6,49.6,2
24023,29,69.2,2
24025,39.4,58.2,2
24027,60,38.1,1
24029,49.4,49,1
24031,71.6,27,1
24033,88.9,10.4,1
24035,35.7,62.7,2
24037,42.8,55.6,2
24039,48.2,50.8,2
24041,44.4,54.1,2
24043,42.6,55.5,2
24045,46.4,52.2,2
24047,41.6,57.1,2
24510,87.2,11.7,1
25000,61.8,36,1
25001,56.1,42.1,1
25003,74.9,22.5,1
25005,60.4,37.2,1
25007,75,23.1,1
25009,59.1,38.8,1
25011,72.5,24.8,1
25013,61.4,36.1,1
25015,71.5,25.9,1
25017,64,33.9,1
25019,67.3,30.8,1
25021,58.2,39.7,1
25023,52.8,45.2,1
25025,76.9,21.2,1
25027,55.6,41.8,1
26000,57.4,41,1
26001,45.1,53,2
26003,52,46.1,1
26005,43.7,54.4,2
26007,51.1,47.2,1
26009,43.9,54.2,2
26011,51.1,46.8,1
26013,47.3,50.7,2
26015,44,53.8,2
26017,56.7,41.4,1
26019,52.9,45.5,1
26021,52,46.5,1
26023,46,52.1,2
26025,53.8,44.5,1
26027,51.3,47.1,1
26029,47.4,50.9,2
26031,48.3,49.8,2
26033,49,49.5,2
26035,51.5,46.6,1
26037,49.5,48.8,1
26039,47.9,49.6,2
26041,52.3,46,1
26043,45,53,2
26045,53.4,45,1
26047,46.9,51.3,2
26049,65.5,32.9,1
26051,49.8,48.3,1
26053,57.6,40.3,1
26055,47.7,50.7,2
26057,51.3,46.9,1
26059,42.9,54.9,2
26061,46.8,50.7,2
26063,48.8,49.2,2
26065,65.9,32.6,1
26067,46,51.8,2
26069,51.5,46.4,1
26071,50,47.8,1
26073,58.8,39.6,1
26075,50.3,47.9,1
26077,58.9,39.4,1
26079,44.5,53.3,2
26081,49.4,48.9,1
26083,43.3,53.6,2
26085,55.2,42.9,1
26087,47.3,50.3,2
26089,50.9,48,1
26091,51.6,46.6,1
26093,42.5,55.8,2
26095,43.5,54.4,2
26097,47.3,51.1,2
26099,53.4,44.8,1
26101,55.6,42.4,1
26103,59.2,38.9,1
26105,51.3,46.9,1
26107,48.8,49.5,2
26109,54,43.8,1
26111,47.4,50.9,2
26113,38.7,59.7,2
26115,51.3,46.9,1
26117,48.8,49.1,2
26119,44.8,53,2
26121,63.9,34.6,1
26123,46.7,51.3,2
26125,56.5,42,1
26127,51.2,46.8,1
26129,50.1,47.7,1
26131,50.6,46.9,1
26133,44,54.2,2
26135,43.6,53.6,2
26137,44.7,53.5,2
26139,37.3,61.2,2
26141,49.6,48,1
26143,50.4,47.9,1
26145,57.9,40.6,1
26147,50.3,47.6,1
26149,47.9,50.1,2
26151,44.9,52.9,2
26153,50.5,47.6,1
26155,53.3,44.7,1
26157,48.6,49.4,2
26159,53.5,44.7,1
26161,69.8,28.8,1
26163,74.1,24.7,1
26165,47,51.2,2
27000,54.1,43.8,1
27001,48.8,48.8,1
27003,47.7,50.1,2
27005,45.3,52.2,2
27007,54.1,43.9,1
27009,43.7,53.5,2
27011,51.9,45.6,1
27013,55.1,42.1,1
27015,42.7,54.7,2
27017,62.3,35.5,1
27019,41.6,56.7,2
27021,44.6,53.1,2
27023,51.6,45.7,1
27025,43.6,53.9,2
27027,57,40.9,1
27029,44.1,53.8,2
27031,60.3,37,1
27033,45.7,52.3,2
27035,45.1,52.8,2
27037,51.8,46.3,1
27039,43.7,53.5,2
27041,44.2,53.7,2
27043,45.8,51.5,2
27045,52.7,44.4,1
27047,57.4,40.2,1
27049,48.1,49.5,2
27051,51.3,45.7,1
27053,63.4,34.8,1
27055,54.3,43.6,1
27057,41.9,56.3,2
27059,41.1,56.5,2
27061,55.2,42.3,1
27063,46.6,50.8,2
27065,44,52.7,2
27067,46.2,51.7,2
27069,58.1,39.6,1
27071,53.6,43.5,1
27073,51.5,45.6,1
27075,59.9,37.8,1
27077,42,55.3,2
27079,46.6,50.9,2
27081,48.5,47.7,1
27083,48.1,49.7,2
27085,39.4,57.8,2
27087,61.3,36,1
27089,48.8,48.2,1
27091,41,56.3,2
27093,42.9,53.7,2
27095,44.8,52,2
27097,39.1,58.1,2
27099,60.5,36.9,1
27101,48.7,48.2,1
27103,54.2,43.7,1
27105,48.2,49.6,2
27107,62,35.1,1
27109,50.6,47.3,1
27111,42.4,55.3,2
27113,49.8,47.6,1
27115,49.3,47.7,1
27117,42.1,55.2,2
27119,51.2,46.6,1
27121,50.7,47,1
27123,66,32.1,1
27125,51.1,44.9,1
27127,41.6,55.2,2
27129,48,48.6,2
27131,54.7,43.2,1
27133,41.8,55.8,2
27135,40.2,57.6,2
27137,65.1,32.6,1
27139,43.5,54.7,2
27141,39.9,58.1,2
27143,38.8,58.1,2
27145,45.3,52.3,2
27147,45.9,51.2,2
27149,49.4,48.1,1
27151,55.4,41.6,1
27153,43.1,54.1,2
27155,51.3,45.8,1
27157,47.5,49.9,2
27159,40.2,57.6,2
27161,44.5,52.7,2
27163,51.3,46.9,1
27165,48.7,48,1
27167,45.4,52.3,2
27169,58.4,39.3,1
27171,40.2,57.6,2
27173,50.6,46.3,1
28000,43,56.2,2
28001,57.5,41.8,1
28003,27.2,71.2,2
28005,43.8,55.5,2
28007,41.9,57.4,2
28009,48,50.2,2
28011,67.2,31.8,1
28013,35.9,63.5,2
28015,34.1,65.4,2
28017,50.7,48.5,1
28019,35.3,63.6,2
28021,85.9,13.7,1
28023,37.2,62.3,2
28025,59.1,40.3,1
28027,71.9,27.6,1
28029,53.2,46.2,1
28031,40.7,58.4,2
28033,30.5,68.7,2
28035,42.8,56.3,2
28037,37,62.1,2
28039,16.4,82.5,2
28041,23.6,75.3,2
28043,44.4,55.1,2
28045,22.1,76.3,2
28047,36.6,62.6,2
28049,69.2,30.3,1
28051,81.4,18,1
28053,70.9,28.5,1
28055,60.9,38.3,1
28057,20.9,77,2
28059,32.7,66.3,2
28061,54.6,44.9,1
28063,86.7,12.3,1
28065,60.4,39,1
28067,30.2,68.9,2
28069,62.3,37,1
28071,43.3,55.7,2
28073,21.6,77.4,2
28075,40.3,59.1,2
28077,36.9,62.3,2
28079,44.4,55,2
28081,34.4,64.9,2
28083,68.1,31.4,1
28085,33.6,65.7,2
28087,48.1,51,2
28089,42,57.5,2
28091,34,65.4,2
28093,58.8,40.6,1
28095,41,58.2,2
28097,45.7,53.8,2
28099,27.3,72,2
28101,32.7,66.8,2
28103,76.3,23.1,1
28105,49.6,49.6,1
28107,52.9,46.4,1
28109,19.2,79.7,2
28111,27.1,71.8,2
28113,51.4,47.9,1
28115,23.2,75.6,2
28117,27.6,70.4,2
28119,67.3,32,1
28121,22.8,76.3,2
28123,43.1,56.4,2
28125,68.2,31.2,1
28127,38.2,60.6,2
28129,23.7,75.4,2
28131,27.5,71.1,2
28133,70,29,1
28135,59.1,40.1,1
28137,39.2,60.1,2
28139,27,71.3,2
28141,23.3,74.2,2
28143,75.7,23.5,1
28145,24.5,74.4,2
28147,44.4,54.7,2
28149,48.2,51.2,2
28151,67.1,32.4,1
28153,38.8,60.6,2
28155,24.7,74.6,2
28157,68.8,30.4,1
28159,45.5,53.8,2
28161,46.2,53.1,2
28163,53.3,46.1,1
29000,49.3,49.4,2
29001,48.3,49.6,2
29003,38.1,60.1,2
29005,33.6,65.1,2
29007,41.1,57.2,2
29009,31.6,66.6,2
29011,24.5,74.2,2
29013,39.5,58.3,2
29015,37.9,60.2,2
29017,29.2,68.7,2
29019,55.2,43.2,1
29021,49.1,48.9,1
29023,30.7,68.1,2
29025,39.7,58.2,2
29027,39.2,58.9,2
29029,35.1,63.6,2
29031,32.7,66.3,2
29033,33.8,65.1,2
29035,34,63.5,2
29037,39.5,59.2,2
29039,32.4,66,2
29041,42.7,55.5,2
29043,31.5,67.3,2
29045,45.5,51.6,2
29047,49,49.7,2
29049,43.5,54.6,2
29051,36,62.9,2
29053,37.3,61.1,2
29055,38.8,59.6,2
29057,28.8,69.6,2
29059,34.6,63.7,2
29061,37,59.8,2
29063,36.1,61.7,2
29065,29.9,67.8,2
29067,31.9,65.6,2
29069,38.6,59.9,2
29071,43.1,55.5,2
29073,37.3,61.3,2
29075,37.5,59.7,2
29077,41.4,57.2,2
29079,33.3,63.4,2
29081,32.9,64.2,2
29083,43.6,54.6,2
29085,42.4,55.7,2
29087,30.5,68.1,2
29089,41.9,55.8,2
29091,33.7,64.5,2
29093,50.1,47.3,1
29095,48.8,49.9,2
29097,32.8,65.9,2
29099,50.6,48.1,1
29101,42.9,55.2,2
29103,37.5,59.9,2
29105,32,66.6,2
29107,41.6,56.9,2
29109,30.6,67.7,2
29111,40.8,57.6,2
29113,43.5,54.9,2
29115,44.5,52.9,2
29117,37.2,60.9,2
29119,30.2,67.6,2
29121,37.2,61.4,2
29123,40.6,57.6,2
29125,35.2,62.7,2
29127,37.5,61.4,2
29129,29.7,66.9,2
29131,30.8,67.6,2
29133,42,56.6,2
29135,31.3,67,2
29137,39.5,58.7,2
29139,40.1,58.5,2
29141,39,59.6,2
29143,41.6,56.8,2
29145,29.3,69.4,2
29147,44,54.5,2
29149,39.4,57.8,2
29151,26.9,71.5,2
29153,35.4,62.3,2
29155,43,56.1,2
29157,34.8,63.9,2
29159,38.1,60.5,2
29161,38,60.2,2
29163,44.2,54.2,2
29165,46.2,52.6,2
29167,33.2,65.4,2
29169,35,63.7,2
29171,29.7,68,2
29173,40.1,58.8,2
29175,37.5,60.8,2
29177,47.4,50.6,2
29179,43.1,54.2,2
29181,33.5,63.5,2
29183,44.7,54.4,2
29185,37.8,59.8,2
29186,56.4,42.3,1
29187,47,51.6,2
29189,59.5,39.6,1
29195,47.8,50.4,2
29197,39.1,57.4,2
29199,37.8,59.5,2
29201,34.7,64.1,2
29203,42.7,54.1,2
29205,33.6,65.3,2
29207,29.4,69.2,2
29209,30.7,68,2
29211,40.9,56,2
29213,30.8,68,2
29215,31.4,66.5,2
29217,38.1,60.1,2
29219,43,55.7,2
29221,49,48.9,1
29223,36.4,61.5,2
29225,34.8,63.8,2
29227,36.4,60.2,2
29229,30,67.9,2
29510,83.7,15.5,1
30000,47.2,49.5,2
30001,33.9,63.2,2
30003,67.4,31.2,1
30005,58.2,38.9,1
30007,31.8,65.8,2
30009,42.5,54.1,2
30011,15.4,79.4,2
30013,49.9,47.6,1
30015,39.2,57.1,2
30017,41.6,55.9,2
30019,32,64.7,2
30021,35.8,59.4,2
30023,67,29.6,1
30025,22.2,74.2,2
30027,31,65.9,2
30029,36.9,58.4,2
30031,50.3,46.9,1
30033,15.1,82.3,2
30035,68.9,29.2,1
30037,25.2,69.7,2
30039,35,59,2
30041,54.3,42.1,1
30043,40.7,55.8,2
30045,32.1,64.8,2
30047,48.6,46.7,1
30049,52.1,45.5,1
30051,36.7,59.3,2
30053,32.8,61.8,2
30055,29.4,66.5,2
30057,35.2,61.8,2
30059,30.8,64.6,2
30061,42.3,52.7,2
30063,61.8,35.1,1
30065,27.6,68.6,2
30067,46.9,49.2,2
30069,22.7,75.7,2
30071,30.1,67,2
30073,42.4,55,2
30075,20,77.3,2
30077,36.3,59.8,2
30079,28.7,68.4,2
30081,38,58.8,2
30083,26.6,70.5,2
30085,61.7,35.5,1
30087,50.4,46.4,1
30089,33.6,60.7,2
30091,47.5,49.2,2
30093,68.8,28.4,1
30095,32.4,64.1,2
30097,26,71.7,2
30099,39.5,57.3,2
30101,34.7,62.1,2
30103,32.1,64.6,2
30105,42.1,54.2,2
30107,29.4,66.8,2
30109,25.9,67.3,2
30111,45.5,51.8,2
30113,0,0,0
31000,41.6,56.5,2
31001,35.5,62.5,2
31003,23.8,74.8,2
31005,14.8,82.5,2
31007,14.9,83.7,2
31009,13.6,84.2,2
31011,26.2,72,2
31013,37.9,58.9,2
31015,22.5,75.6,2
31017,19.8,77.1,2
31019,30.4,67.9,2
31021,41.7,56.3,2
31023,31,66.6,2
31025,39.2,58.7,2
31027,28.5,69.8,2
31029,18.5,80.1,2
31031,19.6,77.1,2
31033,24.2,73.8,2
31035,25.7,71.8,2
31037,35.1,63,2
31039,31.2,66.8,2
31041,21.4,77.1,2
31043,46.8,51.5,2
31045,34,62.9,2
31047,30,68.4,2
31049,24.5,73.7,2
31051,33.9,63.9,2
31053,43,55,2
31055,51.5,46.9,1
31057,21.4,76.8,2
31059,32.6,64.9,2
31061,28.5,69.5,2
31063,24.9,73.6,2
31065,23.9,74.1,2
31067,44,53.5,2
31069,24.9,74.2,2
31071,20.6,77.7,2
31073,24.8,74,2
31075,11.2,86.6,2
31077,38.2,59.6,2
31079,36.9,61,2
31081,27.8,70.6,2
31083,22.8,75.3,2
31085,15.4,83.4,2
31087,25.1,72.6,2
31089,21.9,75.3,2
31091,17.1,81.1,2
31093,36.1,61.6,2
31095,41.1,56.9,2
31097,43.3,54.1,2
31099,27.8,70.6,2
31101,24.5,74.1,2
31103,21.6,76.7,2
31105,24.2,74.3,2
31107,30.7,66.8,2
31109,51.6,46.6,1
31111,31,66.5,2
31113,19.5,78.6,2
31115,21.9,76.8,2
31117,15.4,81.9,2
31119,29.5,68.7,2
31121,28.7,69.2,2
31123,23.7,73.4,2
31125,32.2,65.4,2
31127,35.7,61.4,2
31129,29.6,67.4,2
31131,41.1,56.9,2
31133,34.9,62.1,2
31135,21.8,76.9,2
31137,23.5,75.1,2
31139,24.3,73.9,2
31141,28.3,69.8,2
31143,26.3,71.6,2
31145,24.1,74,2
31147,38.1,59,2
31149,17.4,79.9,2
31151,50.9,46.4,1
31153,41.2,57.1,2
31155,36.9,60.6,2
31157,32.2,65.9,2
31159,35.9,61.7,2
31161,18.4,78.8,2
31163,37.2,60.4,2
31165,16,82.4,2
31167,26.6,71.4,2
31169,32.3,65.8,2
31171,13.1,84.9,2
31173,52.7,45.7,1
31175,29.1,68.4,2
31177,36,62.3,2
31179,32.8,65.7,2
31181,30.4,67.9,2
31183,21.8,75.9,2
31185,24.5,73.8,2
32000,55.1,42.7,1
32001,32.9,64.4,2
32003,58.5,39.5,1
32005,41.2,56.5,2
32007,28.3,68.5,2
32009,23.7,69,2
32011,19.3,75.7,2
32013,33.7,63.3,2
32015,27.5,69.7,2
32017,24.6,71.1,2
32019,39.8,57.6,2
32021,46.9,49,2
32023,41.3,54.5,2
32027,36.7,58.6,2
32029,45.6,51.6,2
32031,55.2,42.6,1
32033,32,63.5,2
32510,49.1,48.2,1
33000,54.1,44.5,1
33001,50,48.8,1
33003,52.4,46.1,1
33005,63,35.5,1
33007,58.3,40.1,1
33009,63,35.5,1
33011,51.2,47.5,1
33013,56.3,42.5,1
33015,49.9,48.8,1
33017,59.5,39.2,1
33019,58.2,40.3,1
34000,57.3,41.7,1
34001,57,41.9,1
34003,54.3,44.9,1
34005,58.8,40.2,1
34007,67.6,31.3,1
34009,45,53.7,2
34011,60.1,38.5,1
34013,76,23.4,1
34015,55.4,43.3,1
34017,72.9,26.2,1
34019,42.6,56,2
34021,67.4,31.4,1
34023,60.4,38.5,1
34025,47.6,51.3,2
34027,45.5,53.6,2
34029,40.2,58.6,2
34031,60.4,38.7,1
34033,51.2,47.2,1
34035,52.5,46.4,1
34037,38.9,59.6,2
34039,63.7,35.5,1
34041,42.2,56.2,2
35000,56.9,41.8,1
35001,60,38.7,1
35003,31.4,66.2,2
35005,37.1,61.7,2
35006,64.1,34.4,1
35007,54.7,43.9,1
35009,32.3,66.5,2
35011,34.4,64.8,2
35013,58.1,40.5,1
35015,36.6,62.2,2
35017,59.2,39.3,1
35019,70.9,28.2,1
35021,41.5,57.2,2
35023,50.9,48,1
35025,27.4,71.6,2
35027,36.5,61.9,2
35028,52.6,45.7,1
35029,51.7,46.4,1
35031,71.4,27.5,1
35033,78.6,20.6,1
35035,39.6,58.8,2
35037,38.7,59.2,2
35039,75,24.1,1
35041,34.3,64.2,2
35043,55.7,43,1
35045,38.8,59.9,2
35047,79.7,19.1,1
35049,76.9,21.9,1
35051,42.9,55,2
35053,59.5,38.4,1
35055,81.8,17,1
35057,44.5,53.8,2
35059,28.2,70.4,2
35061,53.2,45.5,1
36000,62.9,36,1
36001,63.8,34.4,1
36003,38.1,59.8,2
36005,88.7,10.9,1
36007,53.1,45.1,1
36009,43.9,54.5,2
36011,53.3,44.8,1
36013,49.5,48.6,1
36015,48.8,50,2
36017,48.4,49.6,2
36019,60.6,37.7,1
36021,55.9,42.4,1
36023,54.1,44.2,1
36025,46.4,51.6,2
36027,53.7,45.1,1
36029,58,40.5,1
36031,55.9,42.6,1
36033,60.3,38.1,1
36035,44.4,53.7,2
36037,40,58.4,2
36039,44.1,54,2
36041,35.9,62.8,2
36043,44.5,53.8,2
36045,46.7,52,2
36047,79.4,20,1
36049,44.8,53.6,2
36051,45.3,53.2,2
36053,49.3,48.4,1
36055,58.2,40.5,1
36057,45,53.1,2
36059,53.8,45.4,1
36061,85.7,13.5,1
36063,49.7,48.6,1
36065,46.1,52.2,2
36067,59.3,38.9,1
36069,49.2,49.3,2
36071,51.5,47.4,1
36073,39.9,58.5,2
36075,50.2,47.8,1
36077,52,46,1
36079,45.7,53.2,2
36081,75.1,24.2,1
36083,53.7,44.4,1
36085,47.6,51.7,2
36087,52.6,46.7,1
36089,57.4,41,1
36091,50.9,47.5,1
36093,55.3,42.6,1
36095,41.7,56,2
36097,45.7,52.8,2
36099,50.3,47.7,1
36101,40.9,57.7,2
36103,52.5,46.5,1
36105,54,44.6,1
36107,44,54.2,2
36109,70.1,28,1
36111,60.9,37.4,1
36113,50.5,47.8,1
36115,49.5,48.7,1
36117,44.3,54.2,2
36119,63.4,35.8,1
36121,36.1,62.3,2
36123,47.6,51.3,2
37000,49.7,49.4,1
37001,44.9,54.2,2
37003,29.9,68.3,2
37005,38.4,59.4,2
37007,60.2,39.2,1
37009,37.3,60.6,2
37011,27.4,71.5,2
37013,41.1,58.5,2
37015,65.2,34.6,1
37017,50.7,48.7,1
37019,40.5,58.5,2
37021,56.3,42.4,1
37023,39.8,59,2
37025,40.4,58.9,2
37027,34.4,64.1,2
37029,33.1,65.1,2
37031,32.2,66.9,2
37033,51,47.9,1
37035,36.9,61.9,2
37037,54.3,44.6,1
37039,30.1,68.7,2
37041,49.1,50.2,2
37043,31.3,66.9,2
37045,39.6,59.5,2
37047,45.6,53.5,2
37049,43.4,55.8,2
37051,58.5,40.9,1
37053,33.7,65.2,2
37055,44.7,54,2
37057,32.7,66.2,2
37059,30.3,68.6,2
37061,45,54.4,2
37063,75.6,23.6,1
37065,67.1,32.6,1
37067,54.8,44.3,1
37069,49.1,49.8,2
37071,37.2,62.2,2
37073,52.2,47,1
37075,30.3,67.7,2
37077,52.9,46.3,1
37079,46.8,52.7,2
37081,58.8,40.4,1
37083,64,35.7,1
37085,41.2,57.9,2
37087,45.4,53.1,2
37089,38.9,59.9,2
37091,70.5,29,1
37093,59,40.3,1
37095,50.3,49.1,1
37097,37.3,61.7,2
37099,52,46.6,1
37101,37.7,61.4,2
37103,45.5,53.9,2
37105,45.3,53.7,2
37107,49.7,49.8,2
37109,32.7,66,2
37111,35.7,62.7,2
37113,38.4,59.9,2
37115,48.4,50,2
37117,52.1,47.5,1
37119,61.8,37.4,1
37121,28.5,70.1,2
37123,43.9,54.9,2
37125,38.9,60.3,2
37127,49,50.4,2
37129,48.8,50.2,2
37131,65,34.6,1
37133,38.8,60.3,2
37135,71.8,27.1,1
37137,42.3,57,2
37139,56.5,42.8,1
37141,41.7,57.3,2
37143,42.6,56.6,2
37145,45.3,53.8,2
37147,54.1,45.3,1
37149,41.6,56.7,2
37151,28.2,70.5,2
37153,50.3,48.8,1
37155,56.5,42.7,1
37157,41.5,57.4,2
37159,38,60.8,2
37161,33.6,65.4,2
37163,45.5,53.9,2
37165,57.3,42.2,1
37167,31.1,67.8,2
37169,31.6,66.6,2
37171,35.5,63.4,2
37173,48.4,50,2
37175,43,55.6,2
37177,48.8,50.3,2
37179,36.2,62.9,2
37181,63.1,36.4,1
37183,56.7,42.3,1
37185,69.5,30,1
37187,58.1,41.4,1
37189,51.3,47,1
37191,45.4,54,2
37193,30.1,68.3,2
37195,52.8,46.7,1
37197,26.4,72.4,2
37199,46.2,51.9,2
38000,44.6,53.3,2
38001,34.2,62,2
38003,48.1,49.6,2
38005,66.1,32.6,1
38007,22.8,75.2,2
38009,39.4,58.6,2
38011,29.1,67.5,2
38013,30.3,67.9,2
38015,37.3,60.9,2
38017,52.7,45.6,1
38019,43.7,53,2
38021,39.8,58.2,2
38023,41,55.7,2
38025,32.1,65.7,2
38027,50,47,1
38029,29.7,67,2
38031,41.6,55.4,2
38033,24,73.4,2
38035,51.7,46.6,1
38037,21.1,44.2,2
38039,45.5,51.9,2
38041,30.1,66.2,2
38043,34.4,61.2,2
38045,38.7,58.5,2
38047,28.3,68.7,2
38049,40.6,56.9,2
38051,37.8,59.8,2
38053,34.4,64.1,2
38055,39.4,58.4,2
38057,33.6,63.4,2
38059,38.3,59.3,2
38061,50.3,47.9,1
38063,51.8,45.7,1
38065,31.9,65.6,2
38067,45.2,52.1,2
38069,37,60.8,2
38071,48.6,49.6,2
38073,56.4,41,1
38075,37.5,59.4,2
38077,46.4,51.6,2
38079,75.1,23,1
38081,57.9,40.4,1
38083,28.5,69.1,2
38085,83.1,15.6,1
38087,25.8,72.3,2
38089,34.3,63.5,2
38091,59.5,39.1,1
38093,41.5,56.2,2
38095,51.9,44.8,1
38097,52.9,45.7,1
38099,47.6,49.5,2
38101,39.6,58.8,2
38103,35.4,61.8,2
38105,31.2,67.1,2
39000,51.5,46.9,1
39001,36.6,60.7,2
39003,38.8,59.6,2
39005,37,60.2,2
39007,55.8,42.2,1
39009,66.6,31.3,1
39011,28.7,69.8,2
39013,50.3,47.6,1
39015,37.3,60.6,2
39017,38,60.6,2
39019,46,50.9,2
39021,39.1,59,2
39023,47.9,50.4,2
39025,33.1,65.5,2
39027,34,64.3,2
39029,45.1,52.8,2
39031,45.6,51.4,2
39033,39.1,58.2,2
39035,68.9,30,1
39037,30.9,67,2
39039,43.8,54.2,2
39041,39.7,59.3,2
39043,56.1,42.3,1
39045,40.7,57.8,2
39047,37.6,60.7,2
39049,59.7,39,1
39051,45.1,53.2,2
39053,35.9,61.9,2
39055,41.6,56.9,2
39057,40.1,58.5,2
39059,44,53.1,2
39061,53,46,1
39063,37.5,60.6,2
39065,38.2,59.1,2
39067,47.3,49.7,2
39069,42.6,55.5,2
39071,35.7,62.1,2
39073,48.3,49.1,2
39075,28.3,69.5,2
39077,47.2,50.4,2
39079,38.6,58.7,2
39081,49.1,48.9,1
39083,39,58.9,2
39085,49.6,48.7,1
39087,41.4,56.7,2
39089,41.2,57,2
39091,35.7,62.3,2
39093,58.1,40.2,1
39095,65,33.5,1
39097,37.4,60.8,2
39099,62.2,35.6,1
39101,44.4,53.3,2
39103,45.2,53.3,2
39105,39.5,58.1,2
39107,27.5,71,2
39109,34.8,63.3,2
39111,53.1,43.9,1
39113,52.4,46.2,1
39115,44.9,52.1,2
39117,37.1,60.5,2
39119,45.4,52.6,2
39121,40.1,55.9,2
39123,52.2,46,1
39125,42.6,54.4,2
39127,47.1,50.1,2
39129,38.3,60,2
39131,48.2,49.3,2
39133,53.5,44.5,1
39135,33.3,64.6,2
39137,28.3,70,2
39139,42.1,55.7,2
39141,45.4,52.6,2
39143,51.4,46.7,1
39145,45.8,52.2,2
39147,47.7,50.4,2
39149,30.9,67.3,2
39151,51.7,46.3,1
39153,57.9,40.8,1
39155,60,37.6,1
39157,50.1,47.6,1
39159,35.1,63.2,2
39161,35.3,62.6,2
39163,43.6,53.5,2
39165,31.4,67.5,2
39167,41.3,56.9,2
39169,41.6,56.3,2
39171,44.4,53.7,2
39173,52.7,45.6,1
39175,40.6,57.1,2
40000,34.4,65.6,2
40001,30.7,69.3,2
40003,16.9,83.1,2
40005,28.1,71.9,2
40007,10.8,89.2,2
40009,22,78,2
40011,24.6,75.4,2
40013,32.2,67.8,2
40015,34.7,65.3,2
40017,23.9,76.1,2
40019,29.7,70.3,2
40021,43.9,56.1,2
40023,33.3,66.7,2
40025,12,88,2
40027,38,62,2
40029,26.4,73.6,2
40031,41.2,58.8,2
40033,27.8,72.2,2
40035,35,65,2
40037,29.2,70.8,2
40039,25.3,74.7,2
40041,33.1,66.9,2
40043,15.7,84.3,2
40045,14.8,85.2,2
40047,24.5,75.5,2
40049,28.2,71.8,2
40051,26.6,73.4,2
40053,21.9,78.1,2
40055,26.8,73.2,2
40057,30.6,69.4,2
40059,14.1,85.9,2
40061,31.5,68.5,2
40063,35.3,64.7,2
40065,25.2,74.8,2
40067,32.8,67.2,2
40069,31.6,68.4,2
40071,29.2,70.8,2
40073,15.8,84.2,2
40075,32.6,67.4,2
40077,31.5,68.5,2
40079,30.7,69.3,2
40081,25.1,74.9,2
40083,31.3,68.7,2
40085,32.7,67.3,2
40087,24.1,75.9,2
40089,26.5,73.5,2
40091,40.4,59.6,2
40093,14.8,85.2,2
40095,30.6,69.4,2
40097,36,64,2
40099,29.8,70.2,2
40101,42.5,57.5,2
40103,23.2,76.8,2
40105,31.8,68.2,2
40107,35.9,64.1,2
40109,41.6,58.4,2
40111,41.5,58.5,2
40113,38.1,61.9,2
40115,38.2,61.8,2
40117,31.3,68.7,2
40119,36.5,63.5,2
40121,31.7,68.3,2
40123,31.6,68.4,2
40125,30.8,69.2,2
40127,28.3,71.7,2
40129,16,84,2
40131,28,72,2
40133,34.7,65.3,2
40135,32,68,2
40137,24,76,2
40139,14.7,85.3,2
40141,32.2,67.8,2
40143,37.8,62.2,2
40145,29.1,70.9,2
40147,27.7,72.3,2
40149,22,78,2
40151,22.3,77.7,2
40153,17.4,82.6,2
41000,56.7,40.4,1
41001,32,64.4,2
41003,64.3,32.8,1
41005,53.9,43.6,1
41007,57.7,38.8,1
41009,54.1,42,1
41011,46.5,49.6,2
41013,35.1,61.5,2
41015,42.4,53.9,2
41017,48.7,49,2
41019,38.3,58.4,2
41021,38.7,58.4,2
41023,25.7,71.2,2
41025,25.8,70.5,2
41027,64.1,33.2,1
41029,48.6,48.5,1
41031,44.3,52.9,2
41033,41.4,54.6,2
41035,31.9,65,2
41037,25.9,71.5,2
41039,62.3,34.9,1
41041,59.7,36.8,1
41043,42.6,54,2
41045,28.3,68.6,2
41047,49.6,47.4,1
41049,34.7,61.8,2
41051,76.7,20.6,1
41053,48.4,48.9,2
41055,36.8,60.6,2
41057,53.2,43.3,1
41059,37.2,59.8,2
41061,36.6,60.2,2
41063,33.4,63.5,2
41065,51.9,44.8,1
41067,59.8,37.7,1
41069,34.6,61.3,2
41071,47.8,49.1,2
42000,54.5,44.2,1
42001,39.6,59.2,2
42003,57.3,41.8,1
42005,37,61.6,2
42007,47.9,50.8,2
42009,27,71.8,2
42011,53.9,44.7,1
42013,37.3,61.6,2
42015,40,58.4,2
42017,53.8,45.1,1
42019,35.7,63.1,2
42021,49.4,48.7,1
42023,39.2,58.9,2
42025,50,48.1,1
42027,55.4,43.5,1
42029,54.2,45,1
42031,38,60.4,2
42033,43,55.2,2
42035,48,50.7,2
42037,47.1,51.6,2
42039,44,54.4,2
42041,42.6,56.3,2
42043,54,45,1
42045,60.2,38.8,1
42047,51.1,46.8,1
42049,59.3,39.4,1
42051,49.2,49.6,2
42053,42.5,55.9,2
42055,33.3,65.8,2
42057,25,73.6,2
42059,49,49.4,2
42061,35.5,63,2
42063,45.7,52.9,2
42065,34.3,64.1,2
42067,31.6,66.8,2
42069,62.6,36.6,1
42071,43.7,55.5,2
42073,46.8,51.9,2
42075,40,58.9,2
42077,57.1,41.6,1
42079,53.6,45.2,1
42081,37.3,61.5,2
42083,40.5,57.8,2
42085,49.1,49.4,2
42087,32.6,66.2,2
42089,57.6,41.3,1
42091,60,39.2,1
42093,41.9,57,2
42095,55.5,43.2,1
42097,42.2,56,2
42099,32.4,66.1,2
42101,83.1,16.3,1
42103,47.3,51.5,2
42105,30.6,68.1,2
42107,44.9,53.5,2
42109,34.8,64,2
42111,36.6,61.7,2
42113,39.5,59,2
42115,43.5,55.1,2
42117,35.5,63,2
42119,42.1,56.7,2
42121,39.6,58.9,2
42123,46.1,52.3,2
42125,47,51.8,2
42127,43.3,55.6,2
42129,41.1,57.8,2
42131,45.6,53.2,2
42133,42.7,56.3,2
44000,62.9,35.1,1
44001,62.4,35.7,1
44003,57.6,40.2,1
44005,60.7,37.4,1
44007,66,31.9,1
44009,59.1,38.7,1
45000,44.9,53.9,2
45001,41.8,56.9,2
45003,37.4,61.4,2
45005,75.3,23.5,1
45007,32.7,66,2
45009,65,33.9,1
45011,50.3,48.7,1
45013,44.1,54.9,2
45015,42.8,55.9,2
45017,51.3,47.8,1
45019,53.5,45.2,1
45021,34.7,64.1,2
45023,53.5,45.2,1
45025,47.9,50.9,2
45027,55.8,43.5,1
45029,49.7,49.2,1
45031,49.4,49.6,2
45033,55.2,43.8,1
45035,41.6,57.1,2
45037,44.1,55,2
45039,65.3,33.7,1
45041,48,51.2,2
45043,46.9,52.1,2
45045,37.2,61,2
45047,41.6,57.3,2
45049,62.2,36.8,1
45051,37.1,61.7,2
45053,60.9,38,1
45055,40.1,58.8,2
45057,42,56.8,2
45059,40.2,58.3,2
45061,65.1,33.6,1
45063,30.4,68.4,2
45065,52.7,46.6,1
45067,63.3,35.7,1
45069,62.5,36.7,1
45071,40.6,58.2,2
45073,30.5,68,2
45075,68.6,30.5,1
45077,25.9,72.1,2
45079,64,35.1,1
45081,38.6,60.3,2
45083,38.4,60,2
45085,57.3,41.9,1
45087,43.8,55,2
45089,68.6,30.4,1
45091,40.5,58.2,2
46000,44.7,53.2,2
46003,43.8,53.1,2
46005,45.3,52.6,2
46007,46.1,50.8,2
46009,43.1,53.9,2
46011,51.7,46.1,1
46013,51.9,46.3,1
46015,39.6,57.7,2
46017,73.3,25.2,1
46019,30.7,66.3,2
46021,28.5,69.2,2
46023,45.4,53,2
46025,42.8,54.9,2
46027,61,36.8,1
46029,45.9,52.3,2
46031,59.5,38.1,1
46033,32.7,64.5,2
46035,42,56,2
46037,55.7,42.8,1
46039,47.5,49.1,2
46041,65.8,32.6,1
46043,24.1,73.6,2
46045,39.5,58.4,2
46047,35.1,61.6,2
46049,35.7,62,2
46051,46.6,50.9,2
46053,34.3,63.3,2
46055,16.2,81.4,2
46057,37.4,59.6,2
46059,35.7,62,2
46061,39.5,58.7,2
46063,18.4,78.3,2
46065,35.9,62.6,2
46067,34.4,63.3,2
46069,28.8,69.7,2
46071,38.4,59,2
46073,49,49.4,2
46075,23.4,73.8,2
46077,45.9,51.5,2
46079,49.3,48.6,1
46081,40.9,56.3,2
46083,41.6,56.8,2
46085,43.3,54.5,2
46087,41.4,55.9,2
46089,32.1,66.5,2
46091,57.6,41.1,1
46093,32.3,64.8,2
46095,44.2,52.8,2
46097,49.7,47.4,1
46099,49.5,48.7,1
46101,51.1,46.3,1
46103,38.5,59.6,2
46105,29.6,65.4,2
46107,33.5,65.1,2
46109,58.9,39.3,1
46111,41.4,55.4,2
46113,88.7,9.9,1
46115,47.4,50.8,2
46117,32.8,65.5,2
46119,28,69.7,2
46121,78.1,20.2,1
46123,32.2,65.5,2
46125,38.6,58.3,2
46127,42.1,56,2
46129,34.8,62.9,2
46135,47.7,49.7,2
46137,62.2,35,1
47000,41.8,56.9,2
47001,36.1,62.3,2
47003,32.4,65.9,2
47005,40.8,57,2
47007,31.7,66.2,2
47009,29.5,68.9,2
47011,24.5,74.2,2
47013,30.6,67.6,2
47015,36.9,60.9,2
47017,34.2,64,2
47019,25.7,72.8,2
47021,33.5,65.1,2
47023,27.8,71,2
47025,29.5,68.9,2
47027,41.7,56,2
47029,26.8,71.7,2
47031,34.3,63.7,2
47033,32.6,66.2,2
47035,30.7,67.8,2
47037,59.9,38.9,1
47039,32.9,65.1,2
47041,40.1,57.8,2
47043,38.5,59.8,2
47045,30.5,68.2,2
47047,35.8,63.2,2
47049,27.2,71.1,2
47051,37.9,60.5,2
47053,34.8,63.6,2
47055,39.5,59,2
47057,27.5,70.6,2
47059,28.8,69.5,2
47061,42.6,55.3,2
47063,30,68.4,2
47065,43.6,55.4,2
47067,27,70.9,2
47069,52.7,46.5,1
47071,27.8,70.5,2
47073,28.2,70.1,2
47075,60.3,39,1
47077,27.9,70.8,2
47079,38,60.4,2
47081,41.9,56.3,2
47083,50,47.9,1
47085,47.5,50.4,2
47087,49.4,48.5,1
47089,27.9,70.6,2
47091,27.9,70.1,2
47093,37.7,60.7,2
47095,45.8,52.5,2
47097,46.3,52.8,2
47099,32.2,66,2
47101,37.3,61,2
47103,28.1,70.3,2
47105,27.3,71.3,2
47107,29.5,69.1,2
47109,30,68.5,2
47111,28,69.9,2
47113,46.1,53.1,2
47115,39.4,59,2
47117,38.3,59.8,2
47119,38.7,60.1,2
47121,32.4,66,2
47123,30.1,68.5,2
47125,45.5,53.4,2
47127,29.8,68.1,2
47129,28.9,69.1,2
47131,32.2,66.3,2
47133,42.3,55.6,2
47135,44.3,53.2,2
47137,32,66.9,2
47139,32.7,65.6,2
47141,35.7,62.6,2
47143,26.2,72.4,2
47145,31,67.3,2
47147,33.7,64.8,2
47149,39.8,58.9,2
47151,25.4,72.7,2
47153,31.6,66.4,2
47155,25.3,73.4,2
47157,63.4,36,1
47159,38.7,58.9,2
47161,44.9,53.7,2
47163,28.7,70,2
47165,32,66.9,2
47167,31.3,67.8,2
47169,45.5,52.1,2
47171,29.2,69.4,2
47173,28.6,69.8,2
47175,38.5,58.7,2
47177,38.3,59.5,2
47179,32.5,66,2
47181,24.5,73.7,2
47183,33.6,64.7,2
47185,35,63.3,2
47187,29.8,69.3,2
47189,31.1,67.6,2
48000,43.7,55.5,2
48001,27.8,71.4,2
48003,17.1,82.4,2
48005,32.2,67.1,2
48007,30.7,68.4,2
48009,17,82.4,2
48011,12.9,86.5,2
48013,44.4,55,2
48015,24.1,75,2
48017,29.4,69.9,2
48019,24.2,74.6,2
48021,45.1,53.3,2
48023,22.3,76.8,2
48025,44.7,54.8,2
48027,44.7,54.5,2
48029,52.4,46.8,1
48031,29.7,69.2,2
48033,11.1,87.5,2
48035,23.5,75.4,2
48037,30.7,68.7,2
48039,34.8,64.3,2
48041,34.9,63.9,2
48043,50.5,47.6,1
48045,24.7,74.3,2
48047,75.7,24.1,1
48049,18.8,80.3,2
48051,30.8,68.2,2
48053,27.3,71.4,2
48055,46.4,52.4,2
48057,39.7,59.7,2
48059,18.6,80.3,2
48061,64.1,35.3,1
48063,38,61.3,2
48065,13.6,85.5,2
48067,29.5,69.9,2
48069,31.4,68.2,2
48071,24,75.1,2
48073,28.1,71.2,2
48075,21.6,77.6,2
48077,20.3,78.9,2
48079,26.9,71.7,2
48081,19.1,79.8,2
48083,17.4,81.3,2
48085,36.8,62.3,2
48087,19.6,78.9,2
48089,30,69.4,2
48091,25.7,73.2,2
48093,25.6,73.1,2
48095,23.9,74.9,2
48097,20.3,79,2
48099,36.1,63,2
48101,26.5,72.2,2
48103,21.9,77,2
48105,33.1,66.4,2
48107,35.7,63.8,2
48109,64.8,33.9,1
48111,19,79.9,2
48113,57.3,42,1
48115,28.1,70.9,2
48117,26.3,73.1,2
48119,26.9,72.2,2
48121,37.5,61.6,2
48123,25.9,73.8,2
48125,24.1,75.1,2
48127,75,24.4,1
48129,17.2,81.3,2
48131,74.8,24.4,1
48133,19.5,79.4,2
48135,25.6,73.6,2
48137,33.4,65,2
48139,28.5,70.7,2
48141,65.9,33.4,1
48143,22.3,76.8,2
48145,39.7,59.4,2
48147,29.6,69.2,2
48149,28.1,70.8,2
48151,38.5,60.7,2
48153,29,70.8,2
48155,36.8,60.8,2
48157,48.5,50.9,2
48159,23.1,75.5,2
48161,27.9,71.4,2
48163,59.2,40.5,1
48165,16,83.2,2
48167,39.8,59.3,2
48169,21.4,77.5,2
48171,20.9,77.5,2
48173,9.3,90.1,2
48175,36.4,62.9,2
48177,34.5,64.8,2
48179,14.2,85.1,2
48181,30.6,68.5,2
48183,30.9,68.5,2
48185,32.5,66.8,2
48187,34,65,2
48189,27.2,72.1,2
48191,25.6,73.6,2
48193,22.8,76.1,2
48195,11.4,87.9,2
48197,23.4,75.2,2
48199,19,80.2,2
48201,50.4,48.8,1
48203,34,65.4,2
48205,12.6,86.2,2
48207,33,65.6,2
48209,48.1,50.2,2
48211,13.8,85.7,2
48213,27.3,71.9,2
48215,69,30.3,1
48217,28.9,70.2,2
48219,23.5,75.8,2
48221,22.5,76.6,2
48223,27.3,72,2
48225,30.8,68.1,2
48227,26.3,72.5,2
48229,47.9,51,2
48231,29.1,69.7,2
48233,15.1,84,2
48235,20.1,78.8,2
48237,15.5,83.6,2
48239,25.7,73.6,2
48241,28.6,70.6,2
48243,37.9,60.6,2
48245,50.8,48.6,1
48247,73.6,26,1
48249,57.8,41.7,1
48251,25.8,73.3,2
48253,26.3,72.4,2
48255,38.9,60.4,2
48257,31.8,67.5,2
48259,21.5,77.5,2
48261,53.5,46.5,1
48263,22.1,76.3,2
48265,24.7,74.3,2
48267,18.6,80.7,2
48269,4.9,92.6,2
48271,40.8,58.5,2
48273,53.2,46,1
48275,26.8,72.1,2
48277,28.6,70.5,2
48279,25.5,73.9,2
48281,24.9,74,2
48283,59.2,40.2,1
48285,22.7,76.5,2
48287,31.4,67.6,2
48289,20.1,79.1,2
48291,27.7,71.4,2
48293,32.9,66.4,2
48295,12.3,87,2
48297,25.1,74.1,2
48299,23.4,75.6,2
48301,15.2,84.8,2
48303,31.3,68,2
48305,29.6,69.6,2
48307,24.2,75.2,2
48309,37.7,61.6,2
48311,24.6,74.5,2
48313,28.1,71,2
48315,38.7,60.4,2
48317,18.3,81,2
48319,25.7,72.8,2
48321,35.9,63.3,2
48323,78.2,21.2,1
48325,32.7,66.6,2
48327,29,69.9,2
48329,21,78.2,2
48331,36.4,62.4,2
48333,18.3,80.5,2
48335,24.1,74.7,2
48337,20.1,78.6,2
48339,23.3,75.9,2
48341,20.7,78.8,2
48343,39.2,60.2,2
48345,11.3,87.9,2
48347,35.9,63.4,2
48349,33.1,66.2,2
48351,33.3,65.5,2
48353,30,68.8,2
48355,47.3,51.8,2
48357,7.8,91.7,2
48359,11.1,88.4,2
48361,26,73.1,2
48363,25.3,73.4,2
48365,25.3,74.2,2
48367,21.9,77.1,2
48369,19.4,80,2
48371,36.8,61.8,2
48373,30.9,68.1,2
48375,29.8,69.2,2
48377,71.3,27.8,1
48379,24.7,74.3,2
48381,18.3,80.9,2
48383,19.8,80,2
48385,23,76,2
48387,30.5,68.5,2
48389,52.2,47,1
48391,42.4,56.9,2
48393,7.9,92.1,2
48395,39.9,59.3,2
48397,26.5,72.7,2
48399,18.6,80.6,2
48401,26.6,72.9,2
48403,22.1,76.9,2
48405,35.7,63,2
48407,30.4,68.7,2
48409,41.4,58,2
48411,19.8,79,2
48413,24.8,74.4,2
48415,19.5,79.3,2
48417,13.8,85.3,2
48419,27.6,71.9,2
48421,12.5,86.7,2
48423,29.8,69.4,2
48425,22.6,75.8,2
48427,84.5,15.2,1
48429,17.8,81.4,2
48431,15.7,84,2
48433,28,71.3,2
48435,24.1,75.3,2
48437,32.1,66.4,2
48439,43.7,55.4,2
48441,26.8,72.3,2
48443,35.8,62.2,2
48445,32.2,67.3,2
48447,19.8,80.1,2
48449,34,65.2,2
48451,28.7,70.4,2
48453,63.9,34.4,1
48455,31.7,67.4,2
48457,27.4,71.4,2
48459,25,74,2
48461,24.1,75,2
48463,47.1,52.4,2
48465,54.5,44.9,1
48467,22.1,77.1,2
48469,32.8,66.4,2
48471,38.3,60.7,2
48473,46.1,53.3,2
48475,25,74,2
48477,28.1,70.8,2
48479,71.4,28,1
48481,34.2,65.4,2
48483,14,85.4,2
48485,30.2,69,2
48487,26.5,72.8,2
48489,69.5,29.7,1
48491,42.7,55.8,2
48493,32.8,66.6,2
48495,23.5,75.2,2
48497,21.7,77.4,2
48499,22.5,76.8,2
48501,18.3,80.9,2
48503,17.8,81.3,2
48505,67.7,32.1,1
48507,84.2,15.4,1
49000,34.4,62.6,2
49001,21.6,75.8,2
49003,17.4,79.9,2
49005,24.9,70.5,2
49007,44.6,52.6,2
49009,29.8,67.7,2
49011,27.5,69.7,2
49013,15.9,81.6,2
49015,21.9,75.5,2
49017,18.8,79.2,2
49019,50.7,45.9,1
49021,19.8,76.1,2
49023,20.5,74.2,2
49025,27.1,70.1,2
49027,16,77.1,2
49029,16.6,79.6,2
49031,17.7,79.6,2
49033,15.3,82.6,2
49035,48.7,48.6,1
49037,46.9,51.4,2
49039,18.6,76,2
49041,17,79.9,2
49043,56.7,41.4,1
49045,33.6,63.4,2
49047,14.4,83.2,2
49049,18.8,77.7,2
49051,33.9,63.7,2
49053,21.9,75.3,2
49055,25.5,71.5,2
49057,35,62.5,2
50000,67.5,30.4,1
50001,68.6,29.5,1
50003,65.5,32.1,1
50005,60.4,37.2,1
50007,71.4,26.7,1
50009,55.9,41.4,1
50011,61.4,36.6,1
50013,63.1,34.9,1
50015,70.4,27.7,1
50017,64.6,33.2,1
50019,62.6,35.1,1
50021,61.2,36.6,1
50023,69.3,28.4,1
50025,73,24.9,1
50027,68.8,29.1,1
51000,52.6,46.3,1
51001,48.7,50.1,2
51003,58.4,40.4,1
51005,48.2,50.4,2
51007,38.1,60.8,2
51009,41.5,57.6,2
51011,34.6,64.3,2
51013,71.7,27.1,1
51015,29.5,69.4,2
51017,42.9,55.5,2
51019,30.7,68.2,2
51021,29.2,68.6,2
51023,32.7,65.9,2
51025,62.8,36.4,1
51027,46.5,52,2
51029,49.9,49,1
51031,31.3,67.6,2
51033,55.4,43.5,1
51035,32.7,65.1,2
51036,68.3,31,1
51037,43.9,54.8,2
51041,45.8,53.3,2
51043,46.5,51.7,2
51045,33.5,64.7,2
51047,44.6,54.3,2
51049,47.7,51.2,2
51051,48.5,49.2,2
51053,48.4,50.6,2
51057,54.7,44.4,1
51059,60.1,38.9,1
51061,42.7,56.2,2
51063,39.1,59.1,2
51065,48.6,50.4,2
51067,37.9,60.7,2
51069,38.6,59.9,2
51071,40.9,57.2,2
51073,36,62.9,2
51075,38.3,60.8,2
51077,34.3,62.9,2
51079,38.4,60.3,2
51081,63.9,35.4,1
51083,48.2,51,2
51085,32.8,66.4,2
51087,55.7,43.5,1
51089,44.1,54.6,2
51091,38,59.8,2
51093,42.9,56.3,2
51095,44.9,54.2,2
51097,51.8,47.6,1
51099,42.7,56.2,2
51101,39.9,59.2,2
51103,46.6,52.6,2
51105,34.9,63.1,2
51107,53.7,45.4,1
51109,45.5,53.3,2
51111,47.8,51.3,2
51113,42.7,56.1,2
51115,35.6,63.5,2
51117,47.3,51.8,2
51119,39.8,59,2
51121,51.7,46.8,1
51125,54,44.8,1
51127,35,63.9,2
51131,57.7,41.2,1
51133,44.7,54.6,2
51135,48.8,50.1,2
51137,45,53.8,2
51139,40.8,58.1,2
51141,33.7,64.4,2
51143,37.5,61.5,2
51145,29.3,69.8,2
51147,54.3,44.5,1
51149,44.5,54.7,2
51153,57.5,41.6,1
51155,39.3,58.9,2
51157,47.8,50.6,2
51159,43.2,55.9,2
51161,38.9,60,2
51163,42.6,56.2,2
51165,31.4,67.4,2
51167,42.9,55.6,2
51169,27.6,70.7,2
51171,36,62.5,2
51173,34.5,63.5,2
51175,48.5,50.5,2
51177,46,52.9,2
51179,46.4,52.7,2
51181,60.7,38.5,1
51183,61.6,37.8,1
51185,32.8,65.7,2
51187,43.4,55.1,2
51191,32.9,65.6,2
51193,54.6,44.4,1
51195,35.3,63,2
51197,32.9,65.7,2
51199,40.4,58.5,2
51510,71.7,27.3,1
51515,44.2,54.8,2
51520,36.2,62.2,2
51530,45.7,52.9,2
51540,78.4,20.3,1
51550,50.2,48.9,1
51560,0,0,0
51570,29,69.6,2
51580,55.4,43.3,1
51590,59.1,40,1
51595,65,34.3,1
51600,57.7,41.2,1
51610,69.6,29.2,1
51620,63.7,35.6,1
51630,63.6,35.3,1
51640,43.8,54.8,2
51650,69.1,30.1,1
51660,57.5,41.2,1
51670,55.5,43.6,1
51678,62.2,36.9,1
51680,47.4,51.4,2
51683,55.2,43.8,1
51685,59.5,39.5,1
51690,63.5,35.4,1
51700,63.9,35.3,1
51710,71,28.1,1
51720,49.1,49.2,2
51730,88.6,10.2,1
51735,24.7,74,2
51740,69.3,30,1
51750,54,44.5,1
51760,79.1,20,1
51770,61.2,37.8,1
51775,41.6,57.1,2
51780,0,0,0
51790,50.6,48.4,1
51800,56.2,43,1
51810,49.1,49.8,2
51820,44.1,54.3,2
51830,63.8,34.7,1
51840,52,46.7,1
53000,57.7,40.5,1
53001,31.9,66.3,2
53003,42.3,55.7,2
53005,36.1,62.2,2
53007,43.1,55.1,2
53009,50.5,47.2,1
53011,52.2,46.1,1
53013,30.8,67.3,2
53015,54.4,43.2,1
53017,38.5,59.8,2
53019,41.9,54.7,2
53021,37.4,61.1,2
53023,28,70.5,2
53025,35,62.5,2
53027,56,41.5,1
53029,52.3,46.1,1
53031,66.3,31.7,1
53033,70.3,28.2,1
53035,55.2,42.9,1
53037,44.9,53,2
53039,48.8,48.6,1
53041,39.3,58.4,2
53043,34,63.6,2
53045,53.2,44.5,1
53047,45.1,52.2,2
53049,55.7,41.6,1
53051,39.1,56.7,2
53053,55.2,43,1
53055,70,28.1,1
53057,53.8,44.2,1
53059,51.3,46,1
53061,58.5,39.6,1
53063,48.2,49.3,2
53065,38,58.8,2
53067,59.9,38.2,1
53069,48.9,48.2,1
53071,40.8,57.4,2
53073,58,40.1,1
53075,51.6,46.1,1
53077,43.9,54.4,2
54000,42.6,55.7,2
54001,38.8,59.1,2
54003,42.9,55.9,2
54005,54.1,43.4,1
54007,50,48.6,1
54009,47.9,50.3,2
54011,44.2,54.3,2
54013,40.9,56.2,2
54015,43.5,53.8,2
54017,24.4,73.5,2
54019,47.7,50.4,2
54021,39.8,57.3,2
54023,23.6,75.1,2
54025,42.8,55.1,2
54027,35.7,62.6,2
54029,41.6,56.9,2
54031,35.2,62.4,2
54033,42.6,55.9,2
54035,39.7,58.4,2
54037,51.8,47,1
54039,49.2,49.6,2
54041,31.9,65.6,2
54043,44.3,53.2,2
54045,43.6,54.4,2
54047,53.3,44.8,1
54049,49.2,48.7,1
54051,42.8,55.4,2
54053,42.3,55.2,2
54055,35.4,63,2
54057,32.5,66,2
54059,43,55,2
54061,51.1,47.3,1
54063,36.1,60.9,2
54065,37.4,60.9,2
54067,46.5,51.3,2
54069,44,54.7,2
54071,38.6,59.9,2
54073,38.4,59.6,2
54075,42.5,55.2,2
54077,35.6,62.1,2
54079,37.7,61.2,2
54081,36.2,62.1,2
54083,41.9,55.9,2
54085,25.9,72.3,2
54087,45.1,52.9,2
54089,43.1,54.4,2
54091,39.7,58.1,2
54093,36.7,60.5,2
54095,33.2,64.6,2
54097,32.6,65.9,2
54099,39.8,58,2
54101,50.8,45.3,1
54103,45.6,51.8,2
54105,33.6,64.3,2
54107,34.9,63.6,2
54109,36.3,61.4,2
55000,56.2,42.3,1
55001,58.1,39.8,1
55003,67.9,30.7,1
55005,52.8,45.7,1
55007,63.1,35.5,1
55009,53.9,44.8,1
55011,56.4,41.8,1
55013,49.9,48.3,1
55015,50.2,48.1,1
55017,53.7,44.6,1
55019,52.5,45,1
55021,56.9,41.7,1
55023,62.5,35.5,1
55025,72.8,25.8,1
55027,44.8,53.7,2
55029,58,40.7,1
55031,65.8,32.6,1
55033,56.6,41.6,1
55035,60.3,38.1,1
55037,42.2,56.3,2
55039,44.8,53.8,2
55041,57.1,41.9,1
55043,61.2,37.3,1
55045,62.1,36.3,1
55047,41.9,56.6,2
55049,66.7,32,1
55051,55.8,42.7,1
55053,60.2,38.4,1
55055,49.7,48.9,1
55057,53.7,44.6,1
55059,58.2,40.1,1
55061,54.7,43.7,1
55063,60.9,37.5,1
55065,60.4,38.1,1
55067,49.8,48.8,1
55069,55.2,42.7,1
55071,52.9,45.3,1
55073,53.5,44.7,1
55075,52.7,45.8,1
55077,51.8,46.6,1
55078,86.8,12.8,1
55079,67.3,31.4,1
55081,53.2,45.2,1
55083,52.3,46.2,1
55085,54.3,43.9,1
55087,54.9,43.3,1
55089,38.6,60.3,2
55091,55.7,42.9,1
55093,53.4,44.4,1
55095,48,49.8,2
55097,63,35,1
55099,55.6,42.2,1
55101,53.1,45.7,1
55103,59.7,39,1
55105,63.8,34.6,1
55107,53,44.7,1
55109,47.2,51,2
55111,60.8,37.8,1
55113,52.4,46.2,1
55115,51.1,47.5,1
55117,48.9,49.6,2
55119,48.8,49.1,2
55121,62.5,36.1,1
55123,60.1,38.1,1
55125,47.2,51.3,2
55127,47.9,50.5,2
55129,51.5,47.2,1
55131,34.6,64.1,2
55133,36.6,62.3,2
55135,50.8,47.9,1
55137,49.5,48.7,1
55139,54.9,43.3,1
55141,55.6,42.5,1
56000,32.5,64.8,2
56001,50.5,46.4,1
56003,20.9,76.2,2
56005,18.3,79.7,2
56007,34.1,63.2,2
56009,21.4,76.3,2
56011,16.6,80.6,2
56013,34.2,63,2
56015,31,66.7,2
56017,24.3,72,2
56019,20.9,76.6,2
56021,38.6,59,2
56023,21.3,75.7,2
56025,31.5,65.8,2
56027,18.9,78.7,2
56029,25.1,72.3,2
56031,30.9,65.8,2
56033,29.8,67.9,2
56035,21.5,76.1,2
56037,34.5,62,2
56039,60.7,37.1,1
56041,27.6,68.7,2
56043,25.5,72.3,2
56045,19.4,77.2,2
